popularity,danceability,energy,loudness,mode,speechiness,acousticness,instrumentalness,liveness,valence,tempo,duration_min,key_1,key_2,key_3,key_4,key_5,key_6,key_7,key_8,key_9,key_10,key_11
0.234750297544276,0.6616595570684451,-1.3449499303995909,-1.8915648944012768,0.7333887153705722,3.0154690767885373,0.38117197217592536,-0.21827674329050073,0.17423865349109025,-0.24474847289923862,-1.3181616454524796,0.5880102231103306,-0.3642695536169715,-0.3078888420086985,-0.16165520152839088,-0.311182043877904,-0.30123203803835463,-0.3078888420086985,-0.34914862437758787,-0.2588995664485485,-0.3761287920607172,-0.2275647474581999,-0.2841371938943024
0.234750297544276,0.6715096134089813,0.5764511811284456,0.5518511425954435,-1.3635333882860639,2.0174707680511985,0.3992238064121797,-0.2182948256034193,0.4303274651230272,0.14410953928813938,0.8707387373524758,-0.7604957111200553,-0.3642695536169715,-0.3078888420086985,-0.16165520152839088,-0.311182043877904,-0.30123203803835463,-0.3078888420086985,-0.34914862437758787,-0.2588995664485485,-0.3761287920607172,-0.2275647474581999,3.519426606190791
-0.5042739911615398,-0.39229647136892626,0.7853978741078541,0.2780815355304825,0.7333887153705722,-0.7111649179306568,-0.7773947491068778,-0.11922683461315892,1.311272977136891,-1.0985454127019603,-0.6529920252859716,2.080264693952484,-0.3642695536169715,-0.3078888420086985,-0.16165520152839088,-0.311182043877904,-0.30123203803835463,-0.3078888420086985,-0.34914862437758787,3.8625016399891563,-0.3761287920607172,-0.2275647474581999,-0.2841371938943024
-0.08197439761535935,0.6025592190252279,-0.5772979496708952,-0.7441700157142526,0.7333887153705722,-0.5835139714642529,-0.5878504896262072,-0.2182948256034193,0.03082891897720553,-0.08835992451953205,-0.3720361548199843,-1.0061095695171116,-0.3642695536169715,-0.3078888420086985,-0.16165520152839088,-0.311182043877904,-0.30123203803835463,-0.3078888420086985,-0.34914862437758787,-0.2588995664485485,2.6586637904565764,-0.2275647474581999,-0.2841371938943024
-0.9265735847077203,-0.1706702037068625,-1.617489095155341,-1.3808849976177773,0.7333887153705722,-0.6995602864337109,1.828929077923523,0.10103112593800255,-0.5069575854498622,-1.9312087648858025,1.2185657158903231,0.42318160871347354,-0.3642695536169715,-0.3078888420086985,-0.16165520152839088,-0.311182043877904,-0.30123203803835463,-0.3078888420086985,-0.34914862437758787,-0.2588995664485485,2.6586637904565764,-0.2275647474581999,-0.2841371938943024
0.12917539915773088,-1.382227133592813,0.7808555546952582,-1.2307724551988788,-1.3635333882860639,-0.0558900594031173,-0.7849765194861046,-0.2182948256034193,2.7351267698104604,-1.9143018947906991,-0.7480212167671141,0.24505983861906339,-0.3642695536169715,-0.3078888420086985,-0.16165520152839088,3.2135530300468167,-0.30123203803835463,-0.3078888420086985,-0.34914862437758787,-0.2588995664485485,-0.3761287920607172,-0.2275647474581999,-0.2841371938943024
1.888757038933483,0.6961347542603218,0.31299665519788766,0.27421725226029303,0.7333887153705722,-0.6662936761424664,-0.7806440792694035,-0.2182948256034193,0.5327629897758022,1.5008858644201872,0.667556118226554,0.2876435506207819,2.7452198243597854,-0.3078888420086985,-0.16165520152839088,-0.311182043877904,-0.30123203803835463,-0.3078888420086985,-0.34914862437758787,-0.2588995664485485,-0.3761287920607172,-0.2275647474581999,-0.2841371938943024
1.2553076486142123,0.16915674004163608,-0.9543104609163495,-1.0018879845799646,0.7333887153705722,-0.7699617175151822,1.0382587383755832,-0.21243731040797578,0.435449241355666,-1.7705934989823202,-1.1090071516700888,1.4486117294709921,-0.3642695536169715,-0.3078888420086985,-0.16165520152839088,-0.311182043877904,-0.30123203803835463,-0.3078888420086985,2.8641098093474002,-0.2588995664485485,-0.3761287920607172,-0.2275647474581999,-0.2841371938943024
-0.9969568502987504,1.405338810778927,0.9171251370731334,0.7108812617917022,-1.3635333882860639,0.6481242514115944,0.9371684666525589,-0.2182948256034193,2.8324405182305967,-0.7857683159425474,0.17963312667211534,0.21436828796442062,-0.3642695536169715,-0.3078888420086985,-0.16165520152839088,-0.311182043877904,-0.30123203803835463,3.2479254313858776,-0.34914862437758787,-0.2588995664485485,-0.3761287920607172,-0.2275647474581999,-0.2841371938943024
0.8681996878635467,-1.4659526124873703,1.248714454192629,0.6350818591841397,0.7333887153705722,0.3696130954848951,-0.7625922450331493,-0.1943453792378127,0.6249549619632996,-1.4282293795564764,0.6230100997134722,1.0374361782378756,-0.3642695536169715,3.2479254313858776,-0.16165520152839088,-0.311182043877904,-0.30123203803835463,-0.3078888420086985,-0.34914862437758787,-0.2588995664485485,-0.3761287920607172,-0.2275647474581999,-0.2841371938943024
-0.4690823583660248,1.3462384727357097,-0.3002164655025497,0.3550699483750264,-1.3635333882860639,-0.5587574242707687,1.2079459801963737,-0.2182845340742582,-0.6472942542241636,1.6530476952761175,0.25018457610203243,0.5406696465697821,-0.3642695536169715,-0.3078888420086985,-0.16165520152839088,-0.311182043877904,-0.30123203803835463,-0.3078888420086985,-0.34914862437758787,-0.2588995664485485,-0.3761287920607172,4.394353744020412,-0.2841371938943024
1.8535654061379678,0.48435854293879366,0.05408444867992502,0.009067969413447136,-1.3635333882860639,-0.1409906903807199,-0.4564331363862757,-0.2182948256034193,-0.2559905500505639,0.9091454110915683,1.7757207892180167,0.0020036094432276425,-0.3642695536169715,-0.3078888420086985,-0.16165520152839088,-0.311182043877904,3.319700011034929,-0.3078888420086985,-0.34914862437758787,-0.2588995664485485,-0.3761287920607172,-0.2275647474581999,-0.2841371938943024
-0.9969568502987504,0.6124092753657642,-0.11398136958612042,0.15264095552894777,0.7333887153705722,0.19941183352969016,1.0021550699030746,-0.2182948256034193,-0.629880215033192,0.8288377781398271,1.565038606570018,-1.1431300751201918,-0.3642695536169715,-0.3078888420086985,-0.16165520152839088,-0.311182043877904,3.319700011034929,-0.3078888420086985,-0.34914862437758787,-0.2588995664485485,-0.3761287920607172,-0.2275647474581999,-0.2841371938943024
-0.9969568502987504,-1.121200640568604,-2.0535517587645407,-1.2144235644403851,0.7333887153705722,-0.6593308972442988,2.337990803385895,-0.2182948256034193,-0.46086159935611354,-1.7198728886970098,0.6589455082567613,0.18390480615752974,-0.3642695536169715,-0.3078888420086985,-0.16165520152839088,-0.311182043877904,-0.30123203803835463,-0.3078888420086985,2.8641098093474002,-0.2588995664485485,-0.3761287920607172,-0.2275647474581999,-0.2841371938943024
-0.9969568502987504,1.2723630501816885,-0.8407524756014536,-2.6058627942678365,-1.3635333882860639,1.8627423480919212,-0.9109422187866874,-0.21257196592971012,-0.5069575854498622,0.6005950318559311,-0.2934990590471144,0.3310743754855783,-0.3642695536169715,-0.3078888420086985,-0.16165520152839088,-0.311182043877904,-0.30123203803835463,-0.3078888420086985,-0.34914862437758787,3.8625016399891563,-0.3761287920607172,-0.2275647474581999,-0.2841371938943024
-0.7154237879346301,1.5481646277167012,-0.35472429845369974,1.6136372842198092,0.7333887153705722,0.4082952004747145,-0.023189114716171706,-0.21810342239752553,-0.43013094196028107,0.3512186979531562,0.1819941003735106,-0.9655296052492155,-0.3642695536169715,-0.3078888420086985,-0.16165520152839088,-0.311182043877904,-0.30123203803835463,-0.3078888420086985,-0.34914862437758787,3.8625016399891563,-0.3761287920607172,-0.2275647474581999,-0.2841371938943024
1.6424156093648776,-0.12634495017444966,1.216918218304458,0.7465515689011434,0.7333887153705722,-0.33130664693063094,-0.9287774310121066,-0.21545744139544584,-0.31233008860959,0.13988282176436354,-0.6840318854190153,0.1077949735362489,-0.3642695536169715,3.2479254313858776,-0.16165520152839088,-0.311182043877904,-0.30123203803835463,-0.3078888420086985,-0.34914862437758787,-0.2588995664485485,-0.3761287920607172,-0.2275647474581999,-0.2841371938943024
-0.6098488895480849,0.6419594443873727,-0.1003544113483329,0.4094671667169242,-1.3635333882860639,-0.1409906903807199,1.0779727736953428,-0.21825029309873148,-0.32769541730750623,0.3216316752867252,0.17841791961992692,-0.8010430941239867,-0.3642695536169715,-0.3078888420086985,6.186005711819758,-0.311182043877904,-0.30123203803835463,-0.3078888420086985,-0.34914862437758787,-0.2588995664485485,-0.3761287920607172,-0.2275647474581999,-0.2841371938943024
0.8330080550680317,-0.16082014736632633,0.5764511811284456,0.2715419792270851,-1.3635333882860639,-0.5633992768695469,-0.9076567849556889,-0.21826789449907244,1.5724835650014664,0.10606908157415672,0.04214112876735659,1.0370126218063358,-0.3642695536169715,-0.3078888420086985,-0.16165520152839088,-0.311182043877904,-0.30123203803835463,3.2479254313858776,-0.34914862437758787,-0.2588995664485485,-0.3761287920607172,-0.2275647474581999,-0.2841371938943024
1.8535654061379678,-0.40214652770946246,1.035225441800625,0.8193784459162524,0.7333887153705722,-0.46746765649479505,-0.9175491901171564,-0.2182948256034193,-0.02038884334918178,0.13142938671681184,0.04543954790901112,-0.478244221394818,-0.3642695536169715,-0.3078888420086985,-0.16165520152839088,-0.311182043877904,-0.30123203803835463,-0.3078888420086985,-0.34914862437758787,-0.2588995664485485,-0.3761287920607172,-0.2275647474581999,-0.2841371938943024
1.079349484636637,-1.1359757250794082,0.0767960457429042,-0.48704655196703067,0.7333887153705722,-0.6484999078471495,-0.9180185378072991,-0.2182948256034193,-0.5602240582693051,-0.4729912191831344,1.522923002161313,0.528744903958743,-0.3642695536169715,-0.3078888420086985,-0.16165520152839088,-0.311182043877904,-0.30123203803835463,-0.3078888420086985,-0.34914862437758787,3.8625016399891563,-0.3761287920607172,-0.2275647474581999,-0.2841371938943024
-0.6098488895480849,0.9029859374115813,0.594620458778829,0.5554181733063878,-1.3635333882860639,1.669331823142825,0.8721818634020433,-0.2182948256034193,-0.4813487042866685,0.6386354895699137,-1.3217031060045716,0.16631092361665173,-0.3642695536169715,-0.3078888420086985,-0.16165520152839088,3.2135530300468167,-0.30123203803835463,-0.3078888420086985,-0.34914862437758787,-0.2588995664485485,-0.3761287920607172,-0.2275647474581999,-0.2841371938943024
1.0441578518411219,-0.8010738095011782,1.2214605377170538,0.7709262787592615,-1.3635333882860639,-0.5123388982829854,-0.9320014886067015,-0.21827366545000393,1.1832285713209223,0.22864388976365646,1.5418455119739622,0.10887015524708044,-0.3642695536169715,3.2479254313858776,-0.16165520152839088,-0.311182043877904,-0.30123203803835463,-0.3078888420086985,-0.34914862437758787,-0.2588995664485485,-0.3761287920607172,-0.2275647474581999,-0.2841371938943024
-0.9617652175032354,0.2578072471064618,0.5900781393662332,0.7747905620294508,-1.3635333882860639,0.8802168813505102,0.012914553756336994,-0.19934687004508797,-0.450618046890836,-1.352148464128511,1.9163028850554837,0.4021015309283838,2.7452198243597854,-0.3078888420086985,-0.16165520152839088,-0.311182043877904,-0.30123203803835463,-0.3078888420086985,-0.34914862437758787,-0.2588995664485485,-0.3761287920607172,-0.2275647474581999,-0.2841371938943024
-0.9265735847077203,1.154162374095254,-0.8225831979510703,1.473036823696762,0.7333887153705722,0.31545814849914827,1.283763683988642,-0.2182948256034193,0.3791097027966401,0.858424800806258,0.2884115179437343,-0.36934134659317847,2.7452198243597854,-0.3078888420086985,-0.16165520152839088,-0.311182043877904,-0.30123203803835463,-0.3078888420086985,-0.34914862437758787,-0.2588995664485485,-0.3761287920607172,-0.2275647474581999,-0.2841371938943024
-0.9969568502987504,-0.7173483306066206,1.2805106900807997,0.779249350418131,0.7333887153705722,-0.4241436989061973,-0.9209068312850996,-0.2182948256034193,0.9629921933174564,-0.8153553386089784,-0.8521123808374342,0.039797875642151384,-0.3642695536169715,3.2479254313858776,-0.16165520152839088,-0.311182043877904,-0.30123203803835463,-0.3078888420086985,-0.34914862437758787,-0.2588995664485485,-0.3761287920607172,-0.2275647474581999,-0.2841371938943024
-0.7506154207301451,-1.4265523871252255,1.0034292059124543,-0.5447135484606273,0.7333887153705722,-0.3746306045192286,-0.9328564234761307,-0.2171310171655726,-0.6078565772328454,-0.09681335956708376,0.5432230766869226,-0.6650326077038083,-0.3642695536169715,-0.3078888420086985,-0.16165520152839088,3.2135530300468167,-0.30123203803835463,-0.3078888420086985,-0.34914862437758787,-0.2588995664485485,-0.3761287920607172,-0.2275647474581999,-0.2841371938943024
0.8681996878635467,0.5237587683009384,0.7308900411567041,-0.40500484561531575,0.7333887153705722,-0.3761778887188214,0.9804928688195693,-0.2182948256034193,0.061559576373038,1.6784080004187727,-1.250179490932904,0.21573670105093365,-0.3642695536169715,-0.3078888420086985,-0.16165520152839088,-0.311182043877904,-0.30123203803835463,-0.3078888420086985,-0.34914862437758787,-0.2588995664485485,2.6586637904565764,-0.2275647474581999,-0.2841371938943024
0.3051335631353061,0.8586606838791689,1.189664301828883,2.025332078774609,-1.3635333882860639,1.5532855081733667,0.17538106188262595,-0.2182948256034193,-0.20989456395681522,-0.4264973264216003,-1.075641038037141,-0.4539548891092169,-0.3642695536169715,-0.3078888420086985,-0.16165520152839088,3.2135530300468167,-0.30123203803835463,-0.3078888420086985,-0.34914862437758787,-0.2588995664485485,-0.3761287920607172,-0.2275647474581999,-0.2841371938943024
-0.5394656239570549,-1.2738765138469148,0.43563927933797525,0.20792993154858155,-1.3635333882860639,-0.5456055085742301,-0.4167191010665162,-0.19713467218802389,2.689030783716712,-1.3056545713669767,0.700748630852047,1.5832863840686218,-0.3642695536169715,-0.3078888420086985,-0.16165520152839088,-0.311182043877904,-0.30123203803835463,-0.3078888420086985,-0.34914862437758787,3.8625016399891563,-0.3761287920607172,-0.2275647474581999,-0.2841371938943024
-0.9969568502987504,0.4301832330658446,-0.5636709914331082,-0.0025248803971214206,0.7333887153705722,0.6790699354034498,0.1826017955771277,-0.2182948256034193,-0.6360263465123585,0.30895152271539766,-1.4608269533794125,-0.3776658595361309,-0.3642695536169715,-0.3078888420086985,6.186005711819758,-0.311182043877904,-0.30123203803835463,-0.3078888420086985,-0.34914862437758787,-0.2588995664485485,-0.3761287920607172,-0.2275647474581999,-0.2841371938943024
0.7626247894770016,-0.5055721192850925,0.7445169993944916,-0.6975013639127337,0.7333887153705722,-0.565720203168936,-0.45282276953902484,-0.2182743387276126,2.6531783500882407,1.044400371852395,-0.6875733459711076,-0.8034052357614192,-0.3642695536169715,-0.3078888420086985,-0.16165520152839088,-0.311182043877904,-0.30123203803835463,-0.3078888420086985,-0.34914862437758787,-0.2588995664485485,-0.3761287920607172,-0.2275647474581999,-0.2841371938943024
-0.046782764819844315,-2.180081697176244,0.9716329700242834,0.6258670298475341,0.7333887153705722,-0.47365679329316607,-0.9327116477655559,-0.1519288898914973,1.6800408658868802,0.034214883669967215,-1.3805191273304964,0.158181898257486,2.7452198243597854,-0.3078888420086985,-0.16165520152839088,-0.311182043877904,-0.30123203803835463,-0.3078888420086985,-0.34914862437758787,-0.2588995664485485,-0.3761287920607172,-0.2275647474581999,-0.2841371938943024
-0.046782764819844315,0.7700101768143433,-1.0814954044690328,-0.042356723335997236,0.7333887153705722,-0.36534689932167197,-0.3372910304269971,-0.2182948256034193,-0.6232219059307617,1.4966591468964114,1.2256139167930167,-0.30224023345810697,-0.3642695536169715,-0.3078888420086985,-0.16165520152839088,3.2135530300468167,-0.30123203803835463,-0.3078888420086985,-0.34914862437758787,-0.2588995664485485,-0.3761287920607172,-0.2275647474581999,-0.2841371938943024
-0.4338907255705098,-1.3231267955495958,1.2032912600666705,0.7406065177162365,0.7333887153705722,1.3985570882140892,-0.9039381071030207,-0.14846631933261442,3.826065107362512,-1.664925560887924,1.3588353299143707,2.9679901025636664,2.7452198243597854,-0.3078888420086985,-0.16165520152839088,-0.311182043877904,-0.30123203803835463,-0.3078888420086985,-0.34914862437758787,-0.2588995664485485,-0.3761287920607172,-0.2275647474581999,-0.2841371938943024
-0.9969568502987504,1.4742892051626804,-0.07310049487275788,-0.9269803396501386,-1.3635333882860639,0.5475507784380642,-0.25786295978747803,-0.2182948256034193,-0.6237340835540255,1.399444643849567,0.248969369049844,0.8885723831836668,-0.3642695536169715,-0.3078888420086985,-0.16165520152839088,-0.311182043877904,-0.30123203803835463,-0.3078888420086985,-0.34914862437758787,-0.2588995664485485,-0.3761287920607172,-0.2275647474581999,3.519426606190791
-0.9969568502987504,-1.180300978611821,0.15401547575703342,0.5774148626905432,0.7333887153705722,-0.593571318761606,-0.9275499062840413,0.026008763828873308,0.6710509480570482,-0.30392251823210054,-1.7186938898538173,0.21270664350222654,-0.3642695536169715,-0.3078888420086985,-0.16165520152839088,-0.311182043877904,-0.30123203803835463,-0.3078888420086985,-0.34914862437758787,3.8625016399891563,-0.3761287920607172,-0.2275647474581999,-0.2841371938943024
0.8330080550680317,-0.8749492320551994,1.1578680659407121,0.27124472666783966,-1.3635333882860639,-0.3042291734377574,-0.6297307450543173,-0.10383763212923497,-0.46598337558875225,-1.191533198225029,-0.39877070996813174,5.048629619342338,-0.3642695536169715,-0.3078888420086985,-0.16165520152839088,3.2135530300468167,-0.30123203803835463,-0.3078888420086985,-0.34914862437758787,-0.2588995664485485,-0.3761287920607172,-0.2275647474581999,-0.2841371938943024
-0.9969568502987504,-1.0325501335037783,0.6264166946669999,0.17998819097951949,0.7333887153705722,-0.6167805817554977,-0.931171104231834,7.139667612022718,-0.015267067116543036,-1.0266912147977707,0.9773644761316461,0.22899727548452112,-0.3642695536169715,3.2479254313858776,-0.16165520152839088,-0.311182043877904,-0.30123203803835463,-0.3078888420086985,-0.34914862437758787,-0.2588995664485485,-0.3761287920607172,-0.2275647474581999,-0.2841371938943024
0.8330080550680317,0.13960657102002752,-0.5545863526079166,-0.11964238873978639,-1.3635333882860639,-0.737468749323734,-0.9175491901171564,-0.08652477933482053,-0.46598337558875225,-1.639565255745269,-0.5920580716690893,2.043545609464392,-0.3642695536169715,-0.3078888420086985,-0.16165520152839088,3.2135530300468167,-0.30123203803835463,-0.3078888420086985,-0.34914862437758787,-0.2588995664485485,-0.3761287920607172,-0.2275647474581999,-0.2841371938943024
-0.9617652175032354,0.7207598951116623,0.23577722518375846,-0.5890041797881833,0.7333887153705722,2.218617713998259,1.9516815507300527,-0.2182948256034193,2.7402485460430994,-1.1408125879397188,-1.5546062176068753,-0.692482322593975,-0.3642695536169715,-0.3078888420086985,-0.16165520152839088,-0.311182043877904,-0.30123203803835463,-0.3078888420086985,2.8641098093474002,-0.2588995664485485,-0.3761287920607172,-0.2275647474581999,-0.2841371938943024
0.09398376636221585,1.1098371205628412,0.3675044881490377,1.4465813459239263,0.7333887153705722,-0.5061497614846144,-0.7997790235598332,1.1378786432923782,-0.5771259198370129,0.858424800806258,0.28657134726470607,-1.2576043460597761,-0.3642695536169715,-0.3078888420086985,-0.16165520152839088,-0.311182043877904,-0.30123203803835463,-0.3078888420086985,-0.34914862437758787,-0.2588995664485485,2.6586637904565764,-0.2275647474581999,-0.2841371938943024
-0.9617652175032354,0.13960657102002752,0.44018159875057106,0.3443688562421942,0.7333887153705722,0.3541402534889676,-0.17843488914795902,-0.2182948256034193,-0.4557398231234748,1.1669751800418948,1.8410989286257597,0.3423800740812915,-0.3642695536169715,3.2479254313858776,-0.16165520152839088,-0.311182043877904,-0.30123203803835463,-0.3078888420086985,-0.34914862437758787,-0.2588995664485485,-0.3761287920607172,-0.2275647474581999,-0.2841371938943024
-0.18754929600190448,-0.6779481052444758,0.0631690875051167,-0.08872812257827094,0.7333887153705722,2.272772660984006,-0.9090287243576445,-0.2182948256034193,-0.42500916572764236,1.1881087676607742,2.0483090911246484,-1.3616200312667273,-0.3642695536169715,3.2479254313858776,-0.16165520152839088,-0.311182043877904,-0.30123203803835463,-0.3078888420086985,-0.34914862437758787,-0.2588995664485485,-0.3761287920607172,-0.2275647474581999,-0.2841371938943024
-0.9617652175032354,0.08543126114707847,-0.11852368899871625,0.7221768590430252,0.7333887153705722,1.290247194242595,-0.8456306825199191,-0.2182948256034193,-0.6063200443630538,0.34699198042938034,-1.2744141915736926,0.11354556662599924,-0.3642695536169715,-0.3078888420086985,-0.16165520152839088,-0.311182043877904,-0.30123203803835463,-0.3078888420086985,2.8641098093474002,-0.2588995664485485,-0.3761287920607172,-0.2275647474581999,-0.2841371938943024
0.8681996878635467,0.1740817682119042,0.1903540310578001,-0.7848936163308642,0.7333887153705722,-0.6662936761424664,-0.5394715738730457,-0.21826597084876198,0.17423865349109025,1.006359914138413,-0.042124800251544664,0.08801814630974342,-0.3642695536169715,-0.3078888420086985,-0.16165520152839088,-0.311182043877904,-0.30123203803835463,-0.3078888420086985,-0.34914862437758787,-0.2588995664485485,2.6586637904565764,-0.2275647474581999,-0.2841371938943024
-0.9265735847077203,1.5974149094193821,0.649128291729979,0.6371626270988572,0.7333887153705722,-0.04815363840515354,-0.6485046526600219,-0.21815536095590876,2.438063748317414,1.0951209821377055,0.1801192094929911,0.13565195422597293,-0.3642695536169715,-0.3078888420086985,-0.16165520152839088,-0.311182043877904,-0.30123203803835463,-0.3078888420086985,2.8641098093474002,-0.2588995664485485,-0.3761287920607172,-0.2275647474581999,-0.2841371938943024
0.6218582582949415,0.6271843598765684,-0.09126977252314122,-0.7994589917338863,-1.3635333882860639,-0.5007342667860396,-0.3011873619544885,-0.2182948256034193,-0.29696475991167387,0.385032438143363,-1.0346364800761505,-0.16504053090322165,2.7452198243597854,-0.3078888420086985,-0.16165520152839088,-0.311182043877904,-0.30123203803835463,-0.3078888420086985,-0.34914862437758787,-0.2588995664485485,-0.3761287920607172,-0.2275647474581999,-0.2841371938943024
0.3051335631353061,-0.21007042906900728,-1.9854169675756033,-0.9537330699822194,0.7333887153705722,-0.715806770529435,2.31632860230239,-0.2182948256034193,-0.3584260747033387,-1.1661728930823738,0.1626549481429679,0.12227734536850908,-0.3642695536169715,-0.3078888420086985,-0.16165520152839088,-0.311182043877904,-0.30123203803835463,-0.3078888420086985,-0.34914862437758787,-0.2588995664485485,-0.3761287920607172,-0.2275647474581999,3.519426606190791
-0.9969568502987504,-1.3132767392090596,1.0170561641502418,-0.6225937189829069,-1.3635333882860639,-0.42955919360477207,-0.9328950544013962,0.5348142709536087,2.550742825435466,-1.8678080020291647,0.3930929254394026,1.8926943573083441,-0.3642695536169715,-0.3078888420086985,-0.16165520152839088,3.2135530300468167,-0.30123203803835463,-0.3078888420086985,-0.34914862437758787,-0.2588995664485485,-0.3761287920607172,-0.2275647474581999,-0.2841371938943024
-0.6098488895480849,0.8832858247305094,0.25394650283414183,0.3437743511237033,0.7333887153705722,1.205146563264993,0.8071952601515275,-0.2182948256034193,0.8605566686646815,1.2430560954698602,0.1853272397166564,-1.0733410077080414,-0.3642695536169715,-0.3078888420086985,-0.16165520152839088,-0.311182043877904,-0.30123203803835463,-0.3078888420086985,-0.34914862437758787,-0.2588995664485485,2.6586637904565764,-0.2275647474581999,-0.2841371938943024
-0.9969568502987504,-0.6237727953715267,1.2305451765422455,0.9834618586196817,-1.3635333882860639,-0.593571318761606,-0.9172964644378488,-0.2182948256034193,-0.5187376707849313,-0.18980114509015253,0.3543799007768259,0.8447831644152585,-0.3642695536169715,-0.3078888420086985,-0.16165520152839088,-0.311182043877904,3.319700011034929,-0.3078888420086985,-0.34914862437758787,-0.2588995664485485,-0.3761287920607172,-0.2275647474581999,-0.2841371938943024
1.783182140546938,-0.79614878133091,0.4856047928765294,0.7843026439253019,-1.3635333882860639,-0.7011075706333038,0.3739512384814236,-0.21828424552671163,-0.3481825222380612,-1.500083577460666,-0.406166112885736,-0.6398472906591808,-0.3642695536169715,-0.3078888420086985,-0.16165520152839088,-0.311182043877904,-0.30123203803835463,-0.3078888420086985,-0.34914862437758787,3.8625016399891563,-0.3761287920607172,-0.2275647474581999,-0.2841371938943024
1.2201160158186972,-1.5644531758927323,1.2260028571296497,0.3740941121667284,-1.3635333882860639,-0.2585842895497706,-0.8380489121406924,-0.21687132437365636,-0.20477278772417648,-0.3292828233747557,1.021285531017889,1.6690891427193677,-0.3642695536169715,-0.3078888420086985,-0.16165520152839088,3.2135530300468167,-0.30123203803835463,-0.3078888420086985,-0.34914862437758787,-0.2588995664485485,-0.3761287920607172,-0.2275647474581999,-0.2841371938943024
-0.6450405223436,0.026330923103861315,-0.03221962015939536,-1.6971617206548224,0.7333887153705722,-0.6778983076394122,-0.8925654515341804,0.006772260723968391,-0.7871187453752013,0.6090484669034828,0.17973728727658914,0.288718732331613,-0.3642695536169715,-0.3078888420086985,-0.16165520152839088,-0.311182043877904,-0.30123203803835463,-0.3078888420086985,-0.34914862437758787,-0.2588995664485485,-0.3761287920607172,-0.2275647474581999,3.519426606190791
0.4107084615218512,0.07065617663627417,-0.5091631584819581,-0.03819518750656236,0.7333887153705722,-0.7413369598227157,-0.2759147940237324,-0.2182948256034193,-0.20989456395681522,1.2599629655649636,0.2056385575889506,0.06869745677874171,-0.3642695536169715,-0.3078888420086985,-0.16165520152839088,-0.311182043877904,-0.30123203803835463,-0.3078888420086985,-0.34914862437758787,-0.2588995664485485,-0.3761287920607172,-0.2275647474581999,-0.2841371938943024
0.8330080550680317,-1.185226006782089,-1.1905110703713329,-0.997429196191285,0.7333887153705722,-0.6221960764540723,0.016524920603587866,-0.21821191627503717,-0.1381896966998729,-0.5068049593733412,-1.0976536457824988,1.92908762915679,-0.3642695536169715,-0.3078888420086985,-0.16165520152839088,-0.311182043877904,-0.30123203803835463,-0.3078888420086985,-0.34914862437758787,-0.2588995664485485,-0.3761287920607172,-0.2275647474581999,3.519426606190791
-0.9969568502987504,0.27750735978753366,-0.6726866573354078,-1.330054809986824,0.7333887153705722,0.3618766744869315,-0.7217950996592144,1.7245919879919789,-0.4352527181929198,0.9640927389006544,0.28372429074243605,0.1399200998053343,-0.3642695536169715,-0.3078888420086985,-0.16165520152839088,-0.311182043877904,-0.30123203803835463,-0.3078888420086985,-0.34914862437758787,-0.2588995664485485,-0.3761287920607172,-0.2275647474581999,-0.2841371938943024
1.149732750227667,-0.05246952762042821,0.594620458778829,-0.80689030571502,-1.3635333882860639,-0.733600538824752,-0.21092819077321676,-0.21721758142954464,-0.8265564223665196,1.6488209777523417,0.7589049683496402,-0.5247213944403049,-0.3642695536169715,-0.3078888420086985,-0.16165520152839088,-0.311182043877904,-0.30123203803835463,-0.3078888420086985,-0.34914862437758787,-0.2588995664485485,2.6586637904565764,-0.2275647474581999,-0.2841371938943024
-0.9969568502987504,1.2575879656708842,-0.41377445081744557,0.2305211260512278,0.7333887153705722,-0.48139321429112997,1.1501801106403597,-0.2182948256034193,-0.6877562864620097,1.1500683099467914,0.25056649831843436,-1.3018008306277415,-0.3642695536169715,-0.3078888420086985,6.186005711819758,-0.311182043877904,-0.30123203803835463,-0.3078888420086985,-0.34914862437758787,-0.2588995664485485,-0.3761287920607172,-0.2275647474581999,-0.2841371938943024
1.114541117432152,-0.9980749363119017,1.1260718300525419,0.5735505794203536,0.7333887153705722,-0.5177543929815602,-0.9325286021664003,-0.21637117529292885,-0.6160514192050675,1.369857621183136,2.431515954981928,-0.3609516711222969,-0.3642695536169715,3.2479254313858776,-0.16165520152839088,-0.311182043877904,-0.30123203803835463,-0.3078888420086985,-0.34914862437758787,-0.2588995664485485,-0.3761287920607172,-0.2275647474581999,-0.2841371938943024
1.5016490781828176,-0.43169669673107103,0.980717608849475,-1.4317151852487309,0.7333887153705722,-0.46127851969642386,-0.9270444549254263,-0.218275877647861,-0.7569002656026328,1.0782141120426019,-0.7364941098720689,0.810670581044334,-0.3642695536169715,-0.3078888420086985,-0.16165520152839088,-0.311182043877904,-0.30123203803835463,-0.3078888420086985,2.8641098093474002,-0.2588995664485485,-0.3761287920607172,-0.2275647474581999,-0.2841371938943024
-0.9969568502987504,-1.4265523871252255,0.11313460104367089,-1.7488836659635119,-1.3635333882860639,-0.555662855871583,-0.8633214800714484,4.090681869895286,-0.4557398231234748,-2.0267325809231367,-0.8424948850243993,7.669254714438128,-0.3642695536169715,3.2479254313858776,-0.16165520152839088,-0.311182043877904,-0.30123203803835463,-0.3078888420086985,-0.34914862437758787,-0.2588995664485485,-0.3761287920607172,-0.2275647474581999,-0.2841371938943024
-0.5394656239570549,-0.4218466403905348,1.3032222871437789,0.7070169785215127,-1.3635333882860639,-0.40480264641128766,-0.9115198774822475,-0.21432248771225645,1.3880996206264715,-1.0478248024166499,-0.16635368118670324,2.4201850208950444,2.7452198243597854,-0.3078888420086985,-0.16165520152839088,-0.311182043877904,-0.30123203803835463,-0.3078888420086985,-0.34914862437758787,-0.2588995664485485,-0.3761287920607172,-0.2275647474581999,-0.2841371938943024
-0.7154237879346301,-1.5743032322332684,-1.4357963186515077,-0.26737691068472214,0.7333887153705722,-0.6113650870569229,1.4606716595039346,-0.2182948256034193,-0.32257364107486747,-0.4645377841355827,-1.3918031928151042,0.12885876068935626,-0.3642695536169715,-0.3078888420086985,-0.16165520152839088,-0.311182043877904,-0.30123203803835463,-0.3078888420086985,-0.34914862437758787,-0.2588995664485485,2.6586637904565764,-0.2275647474581999,-0.2841371938943024
-0.9969568502987504,0.06573114846600608,-0.26842022961437884,-0.3419873030553031,0.7333887153705722,-0.6871820128369688,-0.8416592789879432,-0.2141301226812074,-0.3891567320991712,1.6488209777523417,0.9066394256942746,-0.6407106941542424,-0.3642695536169715,-0.3078888420086985,-0.16165520152839088,-0.311182043877904,-0.30123203803835463,-0.3078888420086985,-0.34914862437758787,-0.2588995664485485,-0.3761287920607172,-0.2275647474581999,3.519426606190791
-0.8209986863211752,0.893135881071045,0.5355703064150836,0.4953731563388285,-1.3635333882860639,-0.2075239109632091,-0.28313552771823414,-0.2182948256034193,-0.3584260747033387,1.3233637284216015,0.18126497614219697,-0.5436185275397667,-0.3642695536169715,-0.3078888420086985,-0.16165520152839088,-0.311182043877904,-0.30123203803835463,-0.3078888420086985,-0.34914862437758787,-0.2588995664485485,2.6586637904565764,-0.2275647474581999,-0.2841371938943024
-0.9969568502987504,0.8832858247305094,0.9352944147235167,1.296171550945783,0.7333887153705722,1.228355826258884,0.6302872846362352,-0.2182948256034193,1.1012801515987023,1.3571774686118083,0.18289682561227957,-1.1324922924357532,-0.3642695536169715,-0.3078888420086985,-0.16165520152839088,-0.311182043877904,-0.30123203803835463,-0.3078888420086985,-0.34914862437758787,-0.2588995664485485,-0.3761287920607172,-0.2275647474581999,3.519426606190791
1.6072239765693626,0.01155583859305703,-0.6272634632094494,-0.3627949822024772,0.7333887153705722,-0.6887292970365615,-0.9063931565591513,-0.2181197734251647,-0.6708544248943019,-0.4941248068020137,0.9364987989766207,0.841296969171048,-0.3642695536169715,-0.3078888420086985,6.186005711819758,-0.311182043877904,-0.30123203803835463,-0.3078888420086985,-0.34914862437758787,-0.2588995664485485,-0.3761287920607172,-0.2275647474581999,-0.2841371938943024
-0.15235766320638944,-0.5745225136688458,-1.1768841121335454,-1.1948048955301926,0.7333887153705722,-0.675577381340023,-0.8961758183814313,-0.21693865213452354,-0.3686696271686162,-1.9692492225997853,-1.144560637996976,0.5124542719764479,-0.3642695536169715,-0.3078888420086985,-0.16165520152839088,-0.311182043877904,-0.30123203803835463,-0.3078888420086985,2.8641098093474002,-0.2588995664485485,-0.3761287920607172,-0.2275647474581999,-0.2841371938943024
-0.9969568502987504,1.0704368952006964,0.28574273872231265,0.644891193639236,-1.3635333882860639,0.4315044634686061,-0.6250372681528913,-0.2182948256034193,-0.6140027087120119,1.1500683099467914,1.2217946946289961,-0.29604979330483483,-0.3642695536169715,-0.3078888420086985,-0.16165520152839088,-0.311182043877904,-0.30123203803835463,-0.3078888420086985,-0.34914862437758787,-0.2588995664485485,-0.3761287920607172,-0.2275647474581999,3.519426606190791
0.8330080550680317,-1.0079249926524378,-0.8407524756014536,-0.9573001006931632,-1.3635333882860639,-0.7482997387208833,-0.20009709023146413,-0.21801397265808772,2.601960587761853,-1.2168935033676842,-0.638722022473129,0.6186691925010094,2.7452198243597854,-0.3078888420086985,-0.16165520152839088,-0.311182043877904,-0.30123203803835463,-0.3078888420086985,-0.34914862437758787,-0.2588995664485485,-0.3761287920607172,-0.2275647474581999,-0.2841371938943024
-0.9969568502987504,-0.687798161585012,0.3266236134356752,-0.33455598907416967,0.7333887153705722,-0.6802192339388013,-0.9325719265685674,-0.2182948256034193,-0.5510048610505554,-0.739274423181013,0.5268351415831228,-0.30880535814697174,-0.3642695536169715,-0.3078888420086985,-0.16165520152839088,-0.311182043877904,-0.30123203803835463,-0.3078888420086985,-0.34914862437758787,3.8625016399891563,-0.3761287920607172,-0.2275647474581999,-0.2841371938943024
-0.9969568502987504,-1.8845800069601581,0.46743551522614607,-0.16066324191564396,-1.3635333882860639,-0.597439529260588,-0.8387709855101425,0.10487842655898352,-0.2662341025158414,-0.6547400727054962,1.8433904619241723,3.7186624243078032,-0.3642695536169715,-0.3078888420086985,-0.16165520152839088,3.2135530300468167,-0.30123203803835463,-0.3078888420086985,-0.34914862437758787,-0.2588995664485485,-0.3761287920607172,-0.2275647474581999,-0.2841371938943024
1.3960741797962724,-0.42677166856080295,0.2902850581349085,0.3856869619772967,-1.3635333882860639,-0.6825401602381904,-0.782449262693029,-0.2182948256034193,0.9629921933174564,-0.5744324397537549,-0.6614984746512909,1.234227012583995,-0.3642695536169715,-0.3078888420086985,6.186005711819758,-0.311182043877904,-0.30123203803835463,-0.3078888420086985,-0.34914862437758787,-0.2588995664485485,-0.3761287920607172,-0.2275647474581999,-0.2841371938943024
1.2904992814097271,0.6074842471954961,-0.6181788243842578,-1.0503401517369557,-1.3635333882860639,-0.13325426938275603,-0.7553715113386475,-0.15991203868003287,-0.698512016550551,1.1247080048041365,-0.1772905446563999,0.9679403422014062,-0.3642695536169715,-0.3078888420086985,-0.16165520152839088,-0.311182043877904,-0.30123203803835463,3.2479254313858776,-0.34914862437758787,-0.2588995664485485,-0.3761287920607172,-0.2275647474581999,-0.2841371938943024
1.079349484636637,0.1297565146794913,0.9216674564857292,0.8880437871019267,-1.3635333882860639,-0.6825401602381904,-0.9068986079177663,-0.2182948256034193,-0.6590743395592328,1.4755255592775323,-0.5854612333857803,-0.7358479849308436,-0.3642695536169715,-0.3078888420086985,-0.16165520152839088,-0.311182043877904,-0.30123203803835463,3.2479254313858776,-0.34914862437758787,-0.2588995664485485,-0.3761287920607172,-0.2275647474581999,-0.2841371938943024
0.7978164222725167,-0.7665986123093015,-2.0262978422889657,-1.1558648102690527,0.7333887153705722,-0.7227695494276026,2.590716482693456,-0.2182747234576747,2.883658280556984,-1.5381240351746488,-0.5706704275505713,0.3071923089995355,-0.3642695536169715,3.2479254313858776,-0.16165520152839088,-0.311182043877904,-0.30123203803835463,-0.3078888420086985,-0.34914862437758787,-0.2588995664485485,-0.3761287920607172,-0.2275647474581999,-0.2841371938943024
1.6424156093648776,-0.4612468657526796,1.325933884206758,0.9593844013208089,-1.3635333882860639,0.12204762355005165,-0.9091009316945894,-0.2182948256034193,0.09229023376887047,0.5963683143321552,-0.8121841491226682,0.786560445710538,2.7452198243597854,-0.3078888420086985,-0.16165520152839088,-0.311182043877904,-0.30123203803835463,-0.3078888420086985,-0.34914862437758787,-0.2588995664485485,-0.3761287920607172,-0.2275647474581999,-0.2841371938943024
0.8681996878635467,0.7798602331548794,0.3902160852120169,0.25965187685727137,0.7333887153705722,-0.5703620557677144,-0.395056899983011,-0.2182948256034193,-0.06136305321029174,1.1078011347090329,-0.5160208304035788,-0.3713776755909652,-0.3642695536169715,-0.3078888420086985,-0.16165520152839088,-0.311182043877904,-0.30123203803835463,-0.3078888420086985,-0.34914862437758787,-0.2588995664485485,-0.3761287920607172,-0.2275647474581999,3.519426606190791
-0.9969568502987504,-1.5743032322332684,1.2396298153674372,-0.19930607461753855,0.7333887153705722,-0.30036096293877546,-0.6882186879797814,-0.2182948256034193,0.36374437409872384,0.008854578527312099,0.5932201668341076,0.06260476041736397,-0.3642695536169715,3.2479254313858776,-0.16165520152839088,-0.311182043877904,-0.30123203803835463,-0.3078888420086985,-0.34914862437758787,-0.2588995664485485,-0.3761287920607172,-0.2275647474581999,-0.2841371938943024
1.5368407109783326,-0.40214652770946246,0.8399057070590041,0.5557154258656329,0.7333887153705722,-0.7127122021302497,-0.9314274402779888,-0.2181967194375843,0.025707142744566785,-1.0647316725117535,-0.11097495980839758,0.5380794360845973,-0.3642695536169715,-0.3078888420086985,-0.16165520152839088,3.2135530300468167,-0.30123203803835463,-0.3078888420086985,-0.34914862437758787,-0.2588995664485485,-0.3761287920607172,-0.2275647474581999,-0.2841371938943024
-0.9969568502987504,0.5385338528117427,-1.5311850263160203,-1.923073665681283,0.7333887153705722,-0.6918238654357471,2.045551088758575,-0.21791875196771843,-0.12794614423459544,-0.7942217509900991,-1.0358169669268482,0.7245420097539418,-0.3642695536169715,-0.3078888420086985,-0.16165520152839088,-0.311182043877904,3.319700011034929,-0.3078888420086985,-0.34914862437758787,-0.2588995664485485,-0.3761287920607172,-0.2275647474581999,-0.2841371938943024
-0.9969568502987504,-0.42677166856080295,0.9216674564857292,0.5783066203682791,-1.3635333882860639,-0.7011075706333038,-0.7741454189443521,-0.1406755355751279,-0.3584260747033387,-0.7899950334663232,-0.16354134486592398,0.09953562312122566,-0.3642695536169715,-0.3078888420086985,-0.16165520152839088,-0.311182043877904,3.319700011034929,-0.3078888420086985,-0.34914862437758787,-0.2588995664485485,-0.3761287920607172,-0.2275647474581999,-0.2841371938943024
1.888757038933483,0.4055580922145041,0.5037740705269128,0.32920897572068164,-1.3635333882860639,-0.5711356978675108,-0.47448497062253003,-0.2182948256034193,0.8093389063382941,0.0807087764315016,0.3192777770693232,0.071303957895909,-0.3642695536169715,-0.3078888420086985,-0.16165520152839088,-0.311182043877904,-0.30123203803835463,-0.3078888420086985,-0.34914862437758787,-0.2588995664485485,-0.3761287920607172,-0.2275647474581999,3.519426606190791
1.8183737733424528,-0.21007042906900728,0.9125828176605375,0.6529170127388603,-1.3635333882860639,-0.4968660562870577,-0.9312649737698624,-0.2104078593304083,9.826158137319977e-05,0.4949270937615352,-1.1881344908683071,-0.11854706722575244,-0.3642695536169715,-0.3078888420086985,-0.16165520152839088,3.2135530300468167,-0.30123203803835463,-0.3078888420086985,-0.34914862437758787,-0.2588995664485485,-0.3761287920607172,-0.2275647474581999,-0.2841371938943024
-0.9969568502987504,1.4939893178437527,-0.009508023096416181,0.858021278618147,0.7333887153705722,0.6017057254238113,1.0563105726118376,-0.21807745311833387,-0.5827598736929156,-0.28701564813699715,0.2496637730796664,-0.3221473857404708,2.7452198243597854,-0.3078888420086985,-0.16165520152839088,-0.311182043877904,-0.30123203803835463,-0.3078888420086985,-0.34914862437758787,-0.2588995664485485,-0.3761287920607172,-0.2275647474581999,-0.2841371938943024
1.5368407109783326,-1.6481786547872899,0.6945514858559374,-0.45821305372023224,0.7333887153705722,-0.5835139714642529,-0.9319689953050764,-0.218207299514292,-0.5950521366512486,0.06802862386017404,-0.8568690484417151,-0.006679297403335421,-0.3642695536169715,-0.3078888420086985,-0.16165520152839088,-0.311182043877904,-0.30123203803835463,3.2479254313858776,-0.34914862437758787,-0.2588995664485485,-0.3761287920607172,-0.2275647474581999,-0.2841371938943024
1.7479905077514228,-0.6582479925634034,0.6400436529047874,0.22546783254405686,-1.3635333882860639,-0.6353479921506109,-0.9163577690575636,-0.2182948256034193,-0.3174518648422287,-0.4941248068020137,-1.2313264215232365,0.3958133469832185,-0.3642695536169715,-0.3078888420086985,-0.16165520152839088,-0.311182043877904,-0.30123203803835463,3.2479254313858776,-0.34914862437758787,-0.2588995664485485,-0.3761287920607172,-0.2275647474581999,-0.2841371938943024
1.8535654061379678,-0.535122288306701,1.1533257465281164,0.5090467740641141,0.7333887153705722,-0.7003339285335073,-0.9075845776187441,-0.2179283702192709,-0.7328279173092306,0.8288377781398271,-0.8749235532170874,-0.44022188634814235,2.7452198243597854,-0.3078888420086985,-0.16165520152839088,-0.311182043877904,-0.30123203803835463,-0.3078888420086985,-0.34914862437758787,-0.2588995664485485,-0.3761287920607172,-0.2275647474581999,-0.2841371938943024
0.19955866474876097,0.5089836837901341,-1.6719969281064908,-0.17106708148923075,0.7333887153705722,-0.7328268967249556,2.117758425703592,-0.2182948256034193,-0.39940028456444865,-0.4264973264216003,-1.6606069927592064,0.1133826603061761,-0.3642695536169715,3.2479254313858776,-0.16165520152839088,-0.311182043877904,-0.30123203803835463,-0.3078888420086985,-0.34914862437758787,-0.2588995664485485,-0.3761287920607172,-0.2275647474581999,-0.2841371938943024
0.09398376636221585,1.3363884163951736,0.37204680756163355,0.8907190601351348,0.7333887153705722,2.4197646599453195,1.1574008443348616,-0.2182948256034193,-0.37379140340125494,1.3149102933740497,-0.7502433096625447,-1.733698065742337,-0.3642695536169715,-0.3078888420086985,-0.16165520152839088,-0.311182043877904,3.319700011034929,-0.3078888420086985,-0.34914862437758787,-0.2588995664485485,-0.3761287920607172,-0.2275647474581999,-0.2841371938943024
1.3256909142052422,-0.18052026004739868,0.9398367341361126,0.8812069782392837,0.7333887153705722,-0.597439529260588,-0.7015770453146096,-0.21773504336306657,-0.6462698989776359,-0.012279009091567167,-0.23628016698978,-0.03864151735259724,-0.3642695536169715,-0.3078888420086985,-0.16165520152839088,-0.311182043877904,-0.30123203803835463,-0.3078888420086985,-0.34914862437758787,-0.2588995664485485,-0.3761287920607172,4.394353744020412,-0.2841371938943024
0.9737745862500918,-0.5745225136688458,0.7127207635063207,0.06316793519609944,0.7333887153705722,-0.5301326665783023,-0.9291745713653042,-0.2182948256034193,-0.14331147293251167,0.05112175376507063,-0.9283232231104002,-0.4701966491955647,-0.3642695536169715,-0.3078888420086985,-0.16165520152839088,-0.311182043877904,-0.30123203803835463,-0.3078888420086985,-0.34914862437758787,-0.2588995664485485,2.6586637904565764,-0.2275647474581999,-0.2841371938943024
0.9737745862500918,-1.1015005278875318,-0.10489673076092873,-0.11013030684393539,0.7333887153705722,-0.5138861824825782,-0.9313588433078911,8.072638012610607,-0.5740528540974297,0.40616602576224226,-1.4680834754910526,0.2793842002057582,-0.3642695536169715,-0.3078888420086985,-0.16165520152839088,-0.311182043877904,-0.30123203803835463,-0.3078888420086985,2.8641098093474002,-0.2588995664485485,-0.3761287920607172,-0.2275647474581999,-0.2841371938943024
1.8183737733424528,-0.26917076711222443,0.6309590140795956,-0.8250227118289859,-1.3635333882860639,-0.7305059704255664,-0.9253114788387458,-0.1086467579054612,-0.7318035620627028,0.14410953928813938,-0.053790787952554465,2.0213903499684713,-0.3642695536169715,-0.3078888420086985,-0.16165520152839088,-0.311182043877904,-0.30123203803835463,3.2479254313858776,-0.34914862437758787,-0.2588995664485485,-0.3761287920607172,-0.2275647474581999,-0.2841371938943024
-0.9969568502987504,0.38093295136316363,-0.5772979496708952,0.15085744017347563,-1.3635333882860639,2.187672030006403,-0.17121415545345728,-0.2182127819176769,0.7683646964771842,1.369857621183136,0.14140618483041345,-1.057604257213145,-0.3642695536169715,-0.3078888420086985,-0.16165520152839088,-0.311182043877904,-0.30123203803835463,-0.3078888420086985,-0.34914862437758787,-0.2588995664485485,-0.3761287920607172,-0.2275647474581999,3.519426606190791
-0.9969568502987504,-1.4068522744441534,-2.5259529776745073,-1.7949578126465404,0.7333887153705722,-0.6987866443339146,2.554612814220947,-0.2181880630111871,-0.471105151821391,-1.0055576271788915,1.7181199749442808,-0.3644215757345254,-0.3642695536169715,-0.3078888420086985,6.186005711819758,-0.311182043877904,-0.30123203803835463,-0.3078888420086985,-0.34914862437758787,-0.2588995664485485,-0.3761287920607172,-0.2275647474581999,-0.2841371938943024
-0.9969568502987504,-1.0374751616740465,1.3032222871437789,0.28372933415614404,-1.3635333882860639,0.18393899153376242,-0.9304959656313981,-0.2182744349101281,-0.48647048051930725,-1.2084400683201324,-0.8022194512947226,1.131058440240123,-0.3642695536169715,-0.3078888420086985,-0.16165520152839088,3.2135530300468167,-0.30123203803835463,-0.3078888420086985,-0.34914862437758787,-0.2588995664485485,-0.3761287920607172,-0.2275647474581999,-0.2841371938943024
1.079349484636637,-0.1657451755365944,1.00797152532505,0.5783066203682791,0.7333887153705722,-0.5626256347697506,-0.13150012013369772,-0.2182578915174579,0.07692490507095423,1.6192339550859107,0.7521345290588757,-1.1774381460749042,-0.3642695536169715,-0.3078888420086985,-0.16165520152839088,-0.311182043877904,-0.30123203803835463,-0.3078888420086985,-0.34914862437758787,-0.2588995664485485,-0.3761287920607172,-0.2275647474581999,3.519426606190791
-0.9265735847077203,-0.855249119374127,1.0125138447376458,0.6686713983788635,0.7333887153705722,-0.48294049849072274,-0.8705422137659501,-0.2182948256034193,0.829826011268849,0.17369656195457037,-0.704273762888327,0.8239311554779218,-0.3642695536169715,-0.3078888420086985,-0.16165520152839088,-0.311182043877904,3.319700011034929,-0.3078888420086985,-0.34914862437758787,-0.2588995664485485,-0.3761287920607172,-0.2275647474581999,-0.2841371938943024
0.6922415238859716,-1.8402547534277454,-0.8907179891400079,-1.3015185642992708,0.7333887153705722,-0.5223962455803385,0.7819226922207715,-0.21729452744196426,2.5609863779007433,-1.0182377797502191,1.5977797565761254,0.7626783792244938,-0.3642695536169715,-0.3078888420086985,-0.16165520152839088,-0.311182043877904,-0.30123203803835463,-0.3078888420086985,-0.34914862437758787,-0.2588995664485485,2.6586637904565764,-0.2275647474581999,-0.2841371938943024
-0.9969568502987504,0.41048312038477225,-0.08672745311054539,0.2340881567621718,-1.3635333882860639,2.907159182817043,0.15010849395186984,-0.2182948256034193,-0.7297548515696475,-0.05031946680554938,-1.4665557866254444,-1.6627360728274618,2.7452198243597854,-0.3078888420086985,-0.16165520152839088,-0.311182043877904,-0.30123203803835463,-0.3078888420086985,-0.34914862437758787,-0.2588995664485485,-0.3761287920607172,-0.2275647474581999,-0.2841371938943024
-0.9969568502987504,-0.13126997834471774,-0.8952603085526037,0.3553672009342719,0.7333887153705722,-0.6461789815477603,1.8072668768400177,-0.2182948256034193,-0.6739274906338852,0.4822469411902076,-1.2756293986258809,0.33985502612403623,-0.3642695536169715,-0.3078888420086985,-0.16165520152839088,-0.311182043877904,-0.30123203803835463,-0.3078888420086985,-0.34914862437758787,-0.2588995664485485,-0.3761287920607172,-0.2275647474581999,3.519426606190791
-0.6098488895480849,1.198487627627667,1.1487834271155204,0.3054287709810542,-1.3635333882860639,1.9787886630613793,-0.07373425057768389,-0.2182948256034193,-0.6344898136425668,0.6005950318559311,0.18574388213454962,-0.885070173888662,-0.3642695536169715,-0.3078888420086985,-0.16165520152839088,-0.311182043877904,-0.30123203803835463,-0.3078888420086985,-0.34914862437758787,-0.2588995664485485,-0.3761287920607172,-0.2275647474581999,3.519426606190791
1.0441578518411219,0.05588109212546989,-0.8543794338392412,-0.6139733947647921,-1.3635333882860639,-0.6330270658512218,-0.5105886390950387,0.22703022127512987,0.19472575842164525,-0.7435011407047888,-1.0517535394112636,0.9594692135706131,-0.3642695536169715,-0.3078888420086985,-0.16165520152839088,-0.311182043877904,-0.30123203803835463,-0.3078888420086985,-0.34914862437758787,-0.2588995664485485,-0.3761287920607172,-0.2275647474581999,3.519426606190791
-0.9969568502987504,-1.4364024434657616,0.6809245276181499,-0.028980358169956817,-1.3635333882860639,-0.7444315282219014,-0.6878576512950563,-0.21415897743586476,0.28691773060914266,0.21173701966855304,-1.050954974776968,0.8732266078563454,-0.3642695536169715,-0.3078888420086985,-0.16165520152839088,-0.311182043877904,-0.30123203803835463,-0.3078888420086985,-0.34914862437758787,-0.2588995664485485,2.6586637904565764,-0.2275647474581999,-0.2841371938943024
0.6218582582949415,-0.791223753160642,-0.22753935490101632,-0.6163514152387548,0.7333887153705722,-0.27637805784508757,1.2079459801963737,-0.2182948256034193,2.642934797622963,-0.4138171738502727,0.8450805084505522,1.7894117505405958,-0.3642695536169715,-0.3078888420086985,-0.16165520152839088,-0.311182043877904,-0.30123203803835463,-0.3078888420086985,-0.34914862437758787,-0.2588995664485485,-0.3761287920607172,-0.2275647474581999,-0.2841371938943024
1.5368407109783326,-0.0623195839609644,-0.08672745311054539,-1.3098416359581402,-1.3635333882860639,-0.6879556549367651,-0.9270444549254263,-0.11345588368168745,0.6659291718244095,0.8753316709013615,0.15494706341194325,0.07738036362530522,-0.3642695536169715,-0.3078888420086985,-0.16165520152839088,-0.311182043877904,-0.30123203803835463,-0.3078888420086985,-0.34914862437758787,-0.2588995664485485,-0.3761287920607172,-0.2275647474581999,3.519426606190791
1.114541117432152,-1.3625270209117406,1.039767761213221,0.4623781222625952,0.7333887153705722,-0.38391430971678525,-0.9287052236751615,-0.2182948256034193,-0.532054288989792,-1.3944156393662697,0.8092492605117367,0.24463628218752398,2.7452198243597854,-0.3078888420086985,-0.16165520152839088,-0.311182043877904,-0.30123203803835463,-0.3078888420086985,-0.34914862437758787,-0.2588995664485485,-0.3761287920607172,-0.2275647474581999,-0.2841371938943024
-0.9969568502987504,1.0310366698385518,-0.5000785196567664,-0.20287310532848252,0.7333887153705722,0.09883836055616003,-0.44560203584452307,-0.2174657323195979,-0.6216853730609699,1.4712988417537562,-1.2079944461212169,-1.3215287859583003,-0.3642695536169715,-0.3078888420086985,-0.16165520152839088,-0.311182043877904,-0.30123203803835463,3.2479254313858776,-0.34914862437758787,-0.2588995664485485,-0.3761287920607172,-0.2275647474581999,-0.2841371938943024
0.9033913206590618,-0.7074982742660844,1.098817913576967,0.5143973201305305,0.7333887153705722,1.5687583501692945,-0.6055412871777365,-0.2182948256034193,1.2549334385778648,1.0697606769950503,-1.3011834669233313,-0.9243957594939219,-0.3642695536169715,-0.3078888420086985,-0.16165520152839088,-0.311182043877904,-0.30123203803835463,-0.3078888420086985,-0.34914862437758787,-0.2588995664485485,2.6586637904565764,-0.2275647474581999,-0.2841371938943024
0.7978164222725167,0.3710828950226275,-0.3410973402159122,-1.0289379674712913,-1.3635333882860639,-0.5123388982829854,-0.2181489244677185,-0.2182948256034193,-0.12282436800195669,1.6361408251810141,1.0994754247758483,0.06218120398582414,-0.3642695536169715,-0.3078888420086985,-0.16165520152839088,-0.311182043877904,-0.30123203803835463,-0.3078888420086985,2.8641098093474002,-0.2588995664485485,-0.3761287920607172,-0.2275647474581999,-0.2841371938943024
1.4312658125917874,0.1593066837010999,-0.5954672273212785,-0.9641369095558064,0.7333887153705722,-0.7622252965172183,-0.07373425057768389,-0.2182948256034193,-0.48647048051930725,0.2962713701440701,-1.5363781118240478,-0.5488315297741008,-0.3642695536169715,3.2479254313858776,-0.16165520152839088,-0.311182043877904,-0.30123203803835463,-0.3078888420086985,-0.34914862437758787,-0.2588995664485485,-0.3761287920607172,-0.2275647474581999,-0.2841371938943024
-0.9969568502987504,0.050956063955201795,0.20852330870818345,0.07089650173647856,0.7333887153705722,1.9633158210654515,0.7602604911372662,-0.2182948256034193,0.7837300251751004,-0.6166996149915135,-1.3430560299215988,0.5807771825101922,-0.3642695536169715,-0.3078888420086985,-0.16165520152839088,-0.311182043877904,-0.30123203803835463,-0.3078888420086985,-0.34914862437758787,-0.2588995664485485,-0.3761287920607172,-0.2275647474581999,3.519426606190791
1.2553076486142123,-0.7321234151174248,0.5855358199536373,-0.5203388386025092,0.7333887153705722,-0.617554223855294,-0.5214197396367913,-0.2182948256034193,0.8503131161994041,0.5118339638566382,1.765929692397527,0.2000976943479308,-0.3642695536169715,-0.3078888420086985,-0.16165520152839088,-0.311182043877904,-0.30123203803835463,-0.3078888420086985,-0.34914862437758787,-0.2588995664485485,-0.3761287920607172,-0.2275647474581999,3.519426606190791
1.5720323437738475,0.0411060076146656,0.7944825129330458,-0.1963335490250849,0.7333887153705722,-0.7181276968288243,-0.902963308054263,-0.2182948256034193,-0.39940028456444865,0.5541011390943966,-0.7909353858101147,0.9966118544902451,-0.3642695536169715,-0.3078888420086985,-0.16165520152839088,-0.311182043877904,-0.30123203803835463,-0.3078888420086985,2.8641098093474002,-0.2588995664485485,-0.3761287920607172,-0.2275647474581999,-0.2841371938943024
-0.3635074599794797,1.5924898812491142,0.6718398887929582,0.4368144021674959,0.7333887153705722,0.9653175123281129,-0.5802687192469804,-0.2182948256034193,0.061559576373038,0.2878179350965184,0.18383427105253886,0.354809826283783,-0.3642695536169715,-0.3078888420086985,-0.16165520152839088,-0.311182043877904,-0.30123203803835463,-0.3078888420086985,2.8641098093474002,-0.2588995664485485,-0.3761287920607172,-0.2275647474581999,-0.2841371938943024
-0.9969568502987504,1.4644391488221442,-1.0905800432942243,1.1380331894272602,0.7333887153705722,-0.2701889210467164,-0.20370745707871502,-0.2162172832680896,-0.6309045702797198,-0.19402786261392838,0.2854255806154992,-0.4345853276822688,-0.3642695536169715,-0.3078888420086985,-0.16165520152839088,-0.311182043877904,-0.30123203803835463,-0.3078888420086985,-0.34914862437758787,-0.2588995664485485,-0.3761287920607172,-0.2275647474581999,-0.2841371938943024
-0.9969568502987504,1.405338810778927,0.058626768092520855,0.5488786170029902,0.7333887153705722,0.9498446703321851,0.4858726107462006,-0.2182948256034193,-0.5069575854498622,1.2388293779460844,0.18425091347043207,-1.3478218659777237,-0.3642695536169715,3.2479254313858776,-0.16165520152839088,-0.311182043877904,-0.30123203803835463,-0.3078888420086985,-0.34914862437758787,-0.2588995664485485,-0.3761287920607172,-0.2275647474581999,-0.2841371938943024
1.1849243830231821,0.1790067963821723,0.24940418342154597,-1.4272563968600511,-1.3635333882860639,-0.10230858539090054,0.37756160532867444,-0.2182948256034193,-0.5289812232502088,1.5262461695628424,-0.6993087740750995,0.26027528889052687,-0.3642695536169715,-0.3078888420086985,-0.16165520152839088,-0.311182043877904,-0.30123203803835463,-0.3078888420086985,-0.34914862437758787,-0.2588995664485485,2.6586637904565764,-0.2275647474581999,-0.2841371938943024
1.6072239765693626,0.19378188089297657,-0.07764281428535372,0.8386998622671997,-1.3635333882860639,-0.42878555150497566,-0.8142204909488366,-0.2182948256034193,-0.42500916572764236,0.2624576299538633,-0.9314480412445993,-0.0490349405573016,-0.3642695536169715,-0.3078888420086985,-0.16165520152839088,-0.311182043877904,-0.30123203803835463,-0.3078888420086985,-0.34914862437758787,-0.2588995664485485,-0.3761287920607172,-0.2275647474581999,-0.2841371938943024
-0.9617652175032354,-0.4218466403905348,0.9580060117864959,-0.2415159380303771,0.7333887153705722,-0.42646462520558653,-0.7810051159541287,-0.21785527150747225,0.46617989875149846,-0.5194851119446688,-1.1879608898608518,0.14254289155448355,-0.3642695536169715,-0.3078888420086985,-0.16165520152839088,-0.311182043877904,3.319700011034929,-0.3078888420086985,-0.34914862437758787,-0.2588995664485485,-0.3761287920607172,-0.2275647474581999,-0.2841371938943024
-0.9969568502987504,1.2674380220114203,-0.9815643773919246,0.24181672330255063,0.7333887153705722,1.754432454120427,1.8217083442290212,-0.21276433096075917,-0.450618046890836,0.9006919760440166,0.2835159695334894,-0.550770114979994,-0.3642695536169715,3.2479254313858776,-0.16165520152839088,-0.311182043877904,-0.30123203803835463,-0.3078888420086985,-0.34914862437758787,-0.2588995664485485,-0.3761287920607172,-0.2275647474581999,-0.2841371938943024
-0.7154237879346301,1.1935625994573988,-1.131460918007587,-0.4460256987911734,-1.3635333882860639,-0.6183278659550904,-0.38783616628850925,-0.2182948256034193,-0.12282436800195669,0.49070037623775936,-1.2506308535522885,-0.7873752538908413,2.7452198243597854,-0.3078888420086985,-0.16165520152839088,-0.311182043877904,-0.30123203803835463,-0.3078888420086985,-0.34914862437758787,-0.2588995664485485,-0.3761287920607172,-0.2275647474581999,-0.2841371938943024
1.2553076486142123,0.19870690906324465,-0.33201270139072053,0.04503552908213352,0.7333887153705722,-0.7614516544174219,0.43532747488468837,-0.21803224733603735,-0.5750772093439575,-0.01650572661534302,-1.1357764270197275,0.8404335656759864,-0.3642695536169715,-0.3078888420086985,-0.16165520152839088,-0.311182043877904,-0.30123203803835463,-0.3078888420086985,-0.34914862437758787,-0.2588995664485485,-0.3761287920607172,-0.2275647474581999,-0.2841371938943024
1.4664574453873025,0.991636444476407,-0.04584657839718287,0.42195177420522856,0.7333887153705722,-0.6786719497392085,-0.6318969651626678,-0.19347973659809198,-0.6355141688890946,1.7122217406089795,-0.5169582758438386,0.20661394714084835,-0.3642695536169715,-0.3078888420086985,-0.16165520152839088,-0.311182043877904,-0.30123203803835463,-0.3078888420086985,-0.34914862437758787,3.8625016399891563,-0.3761287920607172,-0.2275647474581999,-0.2841371938943024
1.0441578518411219,-0.5597474291580415,-2.557749213562678,-1.838951191414851,0.7333887153705722,-0.627611571152647,2.467964009886926,-0.2182948256034193,-0.491592256751946,-1.7071927361256825,-1.6948758316309225,-1.0340805846307115,-0.3642695536169715,-0.3078888420086985,-0.16165520152839088,-0.311182043877904,-0.30123203803835463,-0.3078888420086985,-0.34914862437758787,-0.2588995664485485,-0.3761287920607172,4.394353744020412,-0.2841371938943024
-0.9969568502987504,-0.35782127417704956,1.0261408029754333,0.3283172180429456,0.7333887153705722,0.060156255566340675,-0.13150012013369772,-0.2182948256034193,-0.450618046890836,-0.8829828189893919,-0.23930082451950588,-0.23883709378301626,-0.3642695536169715,-0.3078888420086985,-0.16165520152839088,-0.311182043877904,-0.30123203803835463,-0.3078888420086985,-0.34914862437758787,-0.2588995664485485,2.6586637904565764,-0.2275647474581999,-0.2841371938943024
1.5720323437738475,-0.8897243165660036,0.9080404982479416,0.9578981385245823,0.7333887153705722,1.0581545643036794,-0.9269722475884812,-0.19761558476564653,0.29203950684178137,0.06802862386017404,0.21758230690188907,-0.8696429454014295,2.7452198243597854,-0.3078888420086985,-0.16165520152839088,-0.311182043877904,-0.30123203803835463,-0.3078888420086985,-0.34914862437758787,-0.2588995664485485,-0.3761287920607172,-0.2275647474581999,-0.2841371938943024
-0.9969568502987504,0.5040586556198661,-1.5947774980923617,-1.579746959752912,0.7333887153705722,4.8103187483161545,-0.10261718535569074,-0.2182948256034193,-0.5382004204689586,0.9345057162342234,-0.030111610535624174,0.7413865232236345,-0.3642695536169715,-0.3078888420086985,-0.16165520152839088,-0.311182043877904,-0.30123203803835463,-0.3078888420086985,2.8641098093474002,-0.2588995664485485,-0.3761287920607172,-0.2275647474581999,-0.2841371938943024
1.079349484636637,0.20855696540378085,0.6536706111425749,0.08457011946176415,0.7333887153705722,-0.6802192339388013,-0.5250301064840422,-0.21744649581649303,-0.5392247757154863,1.0866675470901537,0.45479072348908917,0.30263093204449304,-0.3642695536169715,-0.3078888420086985,-0.16165520152839088,-0.311182043877904,-0.30123203803835463,-0.3078888420086985,-0.34914862437758787,-0.2588995664485485,2.6586637904565764,-0.2275647474581999,-0.2841371938943024
0.8681996878635467,-1.392077189933349,1.275968370668204,0.9040954253011751,0.7333887153705722,-0.2709625631465128,-0.9149497259871358,-0.21826298919078072,-0.8081180279290202,-1.1450393054634946,1.2142604109054267,-0.3374931610677926,-0.3642695536169715,-0.3078888420086985,-0.16165520152839088,-0.311182043877904,-0.30123203803835463,3.2479254313858776,-0.34914862437758787,-0.2588995664485485,-0.3761287920607172,-0.2275647474581999,-0.2841371938943024
-0.9969568502987504,1.1098371205628412,0.6037050976040207,0.38479520429956066,0.7333887153705722,1.0426817223077516,0.2042639966606329,-0.21521698510663453,-0.471105151821391,0.414619460809794,1.6596858758347586,-0.9035437505565845,-0.3642695536169715,-0.3078888420086985,-0.16165520152839088,-0.311182043877904,-0.30123203803835463,-0.3078888420086985,-0.34914862437758787,-0.2588995664485485,-0.3761287920607172,-0.2275647474581999,-0.2841371938943024
0.9033913206590618,-0.9537496827794889,1.094275594164371,0.2843238392746349,0.7333887153705722,-0.5866085398634385,-0.8651266634950738,3.1384749662024913,-0.025510619581820528,0.8964652585202407,-0.694204904455908,-0.5234181438817214,-0.3642695536169715,-0.3078888420086985,-0.16165520152839088,-0.311182043877904,-0.30123203803835463,-0.3078888420086985,-0.34914862437758787,-0.2588995664485485,2.6586637904565764,-0.2275647474581999,-0.2841371938943024
-0.7506154207301451,0.40063306404423604,0.3675044881490377,1.5274340420386596,0.7333887153705722,1.94010655807156,-0.26147332663472894,-0.2182948256034193,-0.28159943121375763,0.74430342766431,-1.5087755516386225,-0.9082354525674853,-0.3642695536169715,3.2479254313858776,-0.16165520152839088,-0.311182043877904,-0.30123203803835463,-0.3078888420086985,-0.34914862437758787,-0.2588995664485485,-0.3761287920607172,-0.2275647474581999,-0.2841371938943024
1.3960741797962724,-1.2492513729955743,1.3668147589201207,1.2845787011352143,0.7333887153705722,-0.4883559931892974,-0.9313082981720295,-0.21823952065699273,0.29716128307442014,0.8077041905209479,-0.48945987626288673,-1.229568168418247,2.7452198243597854,-0.3078888420086985,-0.16165520152839088,-0.311182043877904,-0.30123203803835463,-0.3078888420086985,-0.34914862437758787,-0.2588995664485485,-0.3761287920607172,-0.2275647474581999,-0.2841371938943024
-0.3635074599794797,1.3314633882249056,-0.9679374191541371,0.7245548795169879,-1.3635333882860639,1.808587401106174,1.3270880861556524,-0.2182948256034193,-0.7041459704064537,1.1881087676607742,0.3587199259632135,-0.7107278304141451,-0.3642695536169715,-0.3078888420086985,-0.16165520152839088,-0.311182043877904,-0.30123203803835463,-0.3078888420086985,2.8641098093474002,-0.2588995664485485,-0.3761287920607172,-0.2275647474581999,-0.2841371938943024
-0.9969568502987504,-0.5991476545201863,1.325933884206758,0.8098663640204015,-1.3635333882860639,-0.26399978424834536,-0.9327213957560434,-0.2046369083989368,-0.46086159935611354,0.6470889246174655,0.4594432304888962,-0.1632811426491336,-0.3642695536169715,-0.3078888420086985,-0.16165520152839088,-0.311182043877904,-0.30123203803835463,-0.3078888420086985,-0.34914862437758787,-0.2588995664485485,-0.3761287920607172,4.394353744020412,-0.2841371938943024
1.008966219045607,-0.39722149953919433,-0.5227901167197456,-0.10388800309978322,-1.3635333882860639,-0.7575834439184399,-0.8597111132241976,-0.2182948256034193,-0.07672838190820798,-1.1069988477495118,0.6571747779807157,0.4044962538297816,-0.3642695536169715,-0.3078888420086985,-0.16165520152839088,-0.311182043877904,-0.30123203803835463,-0.3078888420086985,-0.34914862437758787,-0.2588995664485485,-0.3761287920607172,4.394353744020412,-0.2841371938943024
-0.9969568502987504,-0.21499545723927538,0.23123490577116262,-0.29294063077982146,-1.3635333882860639,-0.7390160335233267,-0.6420059923349702,-0.20665674122495184,0.8810437735952366,-0.27856221308944545,-0.41029781686317696,0.29025005173794916,-0.3642695536169715,3.2479254313858776,-0.16165520152839088,-0.311182043877904,-0.30123203803835463,-0.3078888420086985,-0.34914862437758787,-0.2588995664485485,-0.3761287920607172,-0.2275647474581999,-0.2841371938943024
-0.6802321551391151,-0.6483979362228672,0.6127897364292123,0.020660819224015428,-1.3635333882860639,-0.6608781814438917,-0.9324239015278301,-0.20280944060397085,-0.5602240582693051,-0.1306270997572906,-0.16253445902268218,0.1912030092855965,-0.3642695536169715,-0.3078888420086985,-0.16165520152839088,3.2135530300468167,-0.30123203803835463,-0.3078888420086985,-0.34914862437758787,-0.2588995664485485,-0.3761287920607172,-0.2275647474581999,-0.2841371938943024
0.5162833599083964,1.3068382473735651,0.4856047928765294,0.6341901015064036,0.7333887153705722,1.6229132971550415,0.9516099340415624,-0.2182948256034193,-0.18428568279362148,1.6445942602285657,1.049825536643574,-1.426587071612119,-0.3642695536169715,-0.3078888420086985,-0.16165520152839088,-0.311182043877904,-0.30123203803835463,-0.3078888420086985,-0.34914862437758787,-0.2588995664485485,2.6586637904565764,-0.2275647474581999,-0.2841371938943024
0.4107084615218512,-1.6728037956386304,1.3213915647941623,0.09735197950931396,-1.3635333882860639,0.7796434083769802,-0.9311891560660702,-0.20617582864732922,4.030936156668062,-0.22361488528035936,1.4958412449982543,1.9714432723107558,-0.3642695536169715,-0.3078888420086985,-0.16165520152839088,3.2135530300468167,-0.30123203803835463,-0.3078888420086985,-0.34914862437758787,-0.2588995664485485,-0.3761287920607172,-0.2275647474581999,-0.2841371938943024
-0.9969568502987504,-0.013069302258283448,-0.6863136155731953,-1.2486076087535996,-1.3635333882860639,-0.7289586862259737,0.8469092954712871,8.322712552974371,-0.5069575854498622,-1.3056545713669767,0.006483481835996084,2.1402142196473286,-0.3642695536169715,-0.3078888420086985,-0.16165520152839088,-0.311182043877904,-0.30123203803835463,-0.3078888420086985,-0.34914862437758787,-0.2588995664485485,-0.3761287920607172,-0.2275647474581999,3.519426606190791
-0.9969568502987504,-0.10171980932310917,0.4810624734639336,0.7394175074792552,0.7333887153705722,-0.6515944762463349,-0.8705422137659501,-0.2182948256034193,-0.4352527181929198,-0.7899950334663232,-1.008526888554843,-1.035383835189295,-0.3642695536169715,-0.3078888420086985,-0.16165520152839088,-0.311182043877904,-0.30123203803835463,3.2479254313858776,-0.34914862437758787,-0.2588995664485485,-0.3761287920607172,-0.2275647474581999,-0.2841371938943024
1.0441578518411219,-1.4905777533387108,-0.19574311901284547,-0.3110730368937874,0.7333887153705722,-0.7421106019225123,-0.899425148543957,-0.17318522582241727,-0.5120793616825009,-0.41804389137404857,1.7071136710716015,1.1232063556246565,-0.3642695536169715,-0.3078888420086985,-0.16165520152839088,-0.311182043877904,-0.30123203803835463,-0.3078888420086985,2.8641098093474002,-0.2588995664485485,-0.3761287920607172,-0.2275647474581999,-0.2841371938943024
-0.9969568502987504,1.587564853078846,-1.617489095155341,-0.8532617049572931,0.7333887153705722,3.177933917745779,1.2404392818216317,-0.09325755542153727,-0.5233472693943062,0.6132751844272586,0.17893872264229393,-0.8187835923527054,-0.3642695536169715,-0.3078888420086985,-0.16165520152839088,-0.311182043877904,3.319700011034929,-0.3078888420086985,-0.34914862437758787,-0.2588995664485485,-0.3761287920607172,-0.2275647474581999,-0.2841371938943024
1.1849243830231821,-0.7370484432876929,0.5401126258276795,-0.37468508457229094,0.7333887153705722,-0.4581839512972383,-0.7300989434078914,-0.2182948256034193,0.005220037814011945,-0.5575255696586515,-1.569605344651031,0.9792297501651361,-0.3642695536169715,-0.3078888420086985,-0.16165520152839088,-0.311182043877904,-0.30123203803835463,-0.3078888420086985,-0.34914862437758787,-0.2588995664485485,-0.3761287920607172,-0.2275647474581999,-0.2841371938943024
1.2553076486142123,-0.3528962460067815,0.9716329700242834,0.34050457297200476,0.7333887153705722,-0.3777251729184142,-0.928235875985019,-0.2182948256034193,0.4610581225188597,0.04689503624129478,0.660195435510441,-0.4760612767091905,-0.3642695536169715,-0.3078888420086985,-0.16165520152839088,-0.311182043877904,-0.30123203803835463,-0.3078888420086985,-0.34914862437758787,-0.2588995664485485,-0.3761287920607172,-0.2275647474581999,3.519426606190791
0.5162833599083964,-0.44154675307160723,0.9352944147235167,0.6778862277154691,-1.3635333882860639,-0.7003339285335073,-0.8347995819781666,-0.2182948256034193,-0.46086159935611354,0.3723522855720355,1.2913392582156704,1.1245421874472048,-0.3642695536169715,-0.3078888420086985,-0.16165520152839088,-0.311182043877904,-0.30123203803835463,-0.3078888420086985,-0.34914862437758787,-0.2588995664485485,-0.3761287920607172,-0.2275647474581999,-0.2841371938943024
-0.9969568502987504,0.08050623297681037,1.1669527047659038,0.1704761090836685,0.7333887153705722,1.4913941401896558,-0.6174554977736644,-0.2182948256034193,2.6173259164597695,-0.7181408355621337,0.16793241876961476,-0.4307570291664292,-0.3642695536169715,-0.3078888420086985,-0.16165520152839088,-0.311182043877904,-0.30123203803835463,-0.3078888420086985,-0.34914862437758787,-0.2588995664485485,-0.3761287920607172,-0.2275647474581999,-0.2841371938943024
-0.9617652175032354,1.4792142333329483,-0.7044828932235786,0.014715768039108694,0.7333887153705722,1.59970403416115,-0.12788975328644683,-0.2182511587413712,-0.20477278772417648,0.05112175376507063,0.25400379826605396,1.1795230703874486,2.7452198243597854,-0.3078888420086985,-0.16165520152839088,-0.311182043877904,-0.30123203803835463,-0.3078888420086985,-0.34914862437758787,-0.2588995664485485,-0.3761287920607172,-0.2275647474581999,-0.2841371938943024
-0.9969568502987504,-0.6434729080525992,0.004118935141370823,-0.6056503231059226,-1.3635333882860639,-0.715806770529435,0.17177069503537507,-0.21673666885192203,-0.3481825222380612,1.2937767057551706,-1.0085616087563343,1.6803785506830975,-0.3642695536169715,-0.3078888420086985,-0.16165520152839088,3.2135530300468167,-0.30123203803835463,-0.3078888420086985,-0.34914862437758787,-0.2588995664485485,-0.3761287920607172,-0.2275647474581999,-0.2841371938943024
1.7127988749559078,0.11005640199841894,0.5491972646528711,-0.10240174030355653,-1.3635333882860639,-0.7382423914235303,-0.9070430225916565,-0.19415301420676365,-0.18428568279362148,0.385032438143363,-0.3535997278282096,-0.11203081443283487,-0.3642695536169715,-0.3078888420086985,-0.16165520152839088,3.2135530300468167,-0.30123203803835463,-0.3078888420086985,-0.34914862437758787,-0.2588995664485485,-0.3761287920607172,-0.2275647474581999,-0.2841371938943024
1.3960741797962724,-0.9537496827794889,0.980717608849475,-0.0729737369382675,0.7333887153705722,-0.6368952763502037,-0.932967478360352,-0.2177754400195869,0.829826011268849,0.6470889246174655,0.32486772950939047,-0.7252102022464049,-0.3642695536169715,-0.3078888420086985,-0.16165520152839088,-0.311182043877904,-0.30123203803835463,-0.3078888420086985,-0.34914862437758787,-0.2588995664485485,2.6586637904565764,-0.2275647474581999,-0.2841371938943024
-0.9969568502987504,0.10513137382815084,1.1987489406540748,0.6083291288520587,0.7333887153705722,-0.48294049849072274,-0.9210512459589899,-0.2182948256034193,-0.5904425380418736,0.33853854538182865,-0.16802025085827615,0.3554125796671279,-0.3642695536169715,-0.3078888420086985,-0.16165520152839088,-0.311182043877904,-0.30123203803835463,-0.3078888420086985,-0.34914862437758787,3.8625016399891563,-0.3761287920607172,-0.2275647474581999,-0.2841371938943024
1.5016490781828176,-1.707278992830507,0.9943445670872626,0.3907402554844676,-1.3635333882860639,-0.41563363580843715,-0.8181918944808126,-0.1308649189916264,0.5634936471716346,0.41884617833356985,1.2134618462711315,0.7420381485029263,-0.3642695536169715,-0.3078888420086985,-0.16165520152839088,3.2135530300468167,-0.30123203803835463,-0.3078888420086985,-0.34914862437758787,-0.2588995664485485,-0.3761287920607172,-0.2275647474581999,-0.2841371938943024
1.7127988749559078,-1.1704509222712849,1.1578680659407121,-0.17552586987791108,-1.3635333882860639,-0.37230967821983946,-0.9265751072352836,-0.2182511587413712,0.49691055614733093,-1.2887477012718733,-0.6759420784715892,1.391170961101421,-0.3642695536169715,-0.3078888420086985,-0.16165520152839088,-0.311182043877904,-0.30123203803835463,-0.3078888420086985,-0.34914862437758787,-0.2588995664485485,-0.3761287920607172,4.394353744020412,-0.2841371938943024
1.079349484636637,-1.6826538519791665,-1.9445360928622408,-0.9653259197927877,0.7333887153705722,-0.7467524545212906,1.4498405589621821,-0.2182948256034193,-0.23550344512000895,-1.986578764447266,0.6524528305779261,0.5952106824465051,-0.3642695536169715,-0.3078888420086985,-0.16165520152839088,3.2135530300468167,-0.30123203803835463,-0.3078888420086985,-0.34914862437758787,-0.2588995664485485,-0.3761287920607172,-0.2275647474581999,-0.2841371938943024
-0.9969568502987504,-0.6040726826904543,0.33570825226086687,0.056925631451947255,-1.3635333882860639,-0.7274114020263809,-0.9074401629448541,-0.2182948256034193,0.1178991149320642,0.27513778252519083,-0.9628003831910635,-0.08878408259410005,-0.3642695536169715,-0.3078888420086985,-0.16165520152839088,-0.311182043877904,-0.30123203803835463,-0.3078888420086985,-0.34914862437758787,-0.2588995664485485,-0.3761287920607172,-0.2275647474581999,3.519426606190791
0.6570498910904565,-1.608778429425145,-1.8809436210858992,-1.26198397391964,-1.3635333882860639,-0.6840874444377832,1.9227986159520456,-0.21826645176133957,-0.5274446903804172,-1.8297675443151822,1.7462780583535638,-0.30264749925766443,-0.3642695536169715,-0.3078888420086985,-0.16165520152839088,-0.311182043877904,-0.30123203803835463,-0.3078888420086985,2.8641098093474002,-0.2588995664485485,-0.3761287920607172,-0.2275647474581999,-0.2841371938943024
-0.3986990927749947,1.5777147967383098,0.9988868864998584,1.1864853565842512,0.7333887153705722,2.442973922939211,1.6484107355609796,-0.2182948256034193,0.5173976610778859,-0.16444083994749742,0.18237602258991256,0.8119249597069707,-0.3642695536169715,-0.3078888420086985,-0.16165520152839088,-0.311182043877904,-0.30123203803835463,-0.3078888420086985,-0.34914862437758787,-0.2588995664485485,-0.3761287920607172,-0.2275647474581999,3.519426606190791
1.783182140546938,-1.2394013166550382,1.357730120094929,1.1514095545933007,0.7333887153705722,-0.46669401439499864,-0.9329062465386228,-0.21753883103139654,0.8554348924320428,0.8415179307111547,2.128582196972074,-0.5023543567286144,2.7452198243597854,-0.3078888420086985,-0.16165520152839088,-0.311182043877904,-0.30123203803835463,-0.3078888420086985,-0.34914862437758787,-0.2588995664485485,-0.3761287920607172,-0.2275647474581999,-0.2841371938943024
1.8535654061379678,-0.7715236404795697,-1.1677994733083537,-0.5732497941481802,0.7333887153705722,-0.7274114020263809,-0.2723044271764815,-0.2182948256034193,-0.20477278772417648,0.33008511033427695,-1.0485940010755732,-0.8750840164835155,-0.3642695536169715,-0.3078888420086985,-0.16165520152839088,-0.311182043877904,-0.30123203803835463,-0.3078888420086985,2.8641098093474002,-0.2588995664485485,-0.3761287920607172,-0.2275647474581999,-0.2841371938943024
-0.8913819519122053,1.5629397122275055,0.25394650283414183,0.8755591796136222,0.7333887153705722,-0.5324535928776915,-0.6438111757585957,-0.21827020287944507,-0.7241208977137448,1.509339299467739,0.18258434379885916,0.27395941975565413,-0.3642695536169715,-0.3078888420086985,-0.16165520152839088,-0.311182043877904,-0.30123203803835463,3.2479254313858776,-0.34914862437758787,-0.2588995664485485,-0.3761287920607172,-0.2275647474581999,-0.2841371938943024
0.6218582582949415,0.37600792319289555,0.649128291729979,0.6728329342082983,0.7333887153705722,0.6790699354034498,0.446158575426441,-0.2182948256034193,0.6812945005223258,0.9979064790908613,1.7895741496129658,0.4874644425156083,-0.3642695536169715,-0.3078888420086985,-0.16165520152839088,-0.311182043877904,-0.30123203803835463,-0.3078888420086985,-0.34914862437758787,-0.2588995664485485,-0.3761287920607172,-0.2275647474581999,3.519426606190791
0.3051335631353061,-0.5006470911148244,-1.9536207316874326,-2.188222948528129,0.7333887153705722,-0.7305059704255664,2.3668737381639025,-0.21608262774635525,-0.07672838190820798,-1.609978233078838,-0.655700201002277,1.3575796779539298,-0.3642695536169715,-0.3078888420086985,-0.16165520152839088,-0.311182043877904,-0.30123203803835463,-0.3078888420086985,2.8641098093474002,-0.2588995664485485,-0.3761287920607172,-0.2275647474581999,-0.2841371938943024
0.7274331566814866,-0.8995743729065399,-0.5364170749575331,1.0280497425064834,0.7333887153705722,-0.5989868134601807,1.0924142410843463,-0.2182948256034193,-0.4045220607970874,-0.35041641099363496,-1.3192726919001947,-0.006060253388008076,-0.3642695536169715,-0.3078888420086985,-0.16165520152839088,-0.311182043877904,3.319700011034929,-0.3078888420086985,-0.34914862437758787,-0.2588995664485485,-0.3761287920607172,-0.2275647474581999,-0.2841371938943024
1.114541117432152,-0.8109238658417142,-0.08672745311054539,0.5506621323584623,0.7333887153705722,-0.44812660399988535,-0.9271527659308437,-0.21733300044817408,-0.03063239581445927,-0.4772179367069103,0.7435933594920656,0.3047975860981381,-0.3642695536169715,-0.3078888420086985,-0.16165520152839088,-0.311182043877904,-0.30123203803835463,-0.3078888420086985,2.8641098093474002,-0.2588995664485485,-0.3761287920607172,-0.2275647474581999,-0.2841371938943024
-0.9969568502987504,-1.180300978611821,1.3168492453815663,0.5866296920271487,0.7333887153705722,-0.37153603612004305,-0.874152580613201,-0.2182948256034193,-0.48647048051930725,-0.8998896890844954,1.1831163901679096,0.4494583981009142,-0.3642695536169715,-0.3078888420086985,-0.16165520152839088,-0.311182043877904,-0.30123203803835463,-0.3078888420086985,-0.34914862437758787,3.8625016399891563,-0.3761287920607172,-0.2275647474581999,-0.2841371938943024
-0.9969568502987504,0.016480866763325126,1.0215984835628376,0.08457011946176415,0.7333887153705722,-0.10230858539090054,-0.7174626594425134,-0.2182948256034193,2.048808754636869,1.4882057118488596,1.0835388522914329,-0.5162502658095116,-0.3642695536169715,-0.3078888420086985,-0.16165520152839088,-0.311182043877904,-0.30123203803835463,-0.3078888420086985,-0.34914862437758787,-0.2588995664485485,-0.3761287920607172,-0.2275647474581999,-0.2841371938943024
1.079349484636637,-0.3134960206446373,1.139698788290329,0.1529382080881932,0.7333887153705722,-0.6430844131485748,-0.9314454921122249,-0.21781776032641767,-0.6303923926564559,0.7104896874741032,-0.9621059791612412,0.3945100964246347,2.7452198243597854,-0.3078888420086985,-0.16165520152839088,-0.311182043877904,-0.30123203803835463,-0.3078888420086985,-0.34914862437758787,-0.2588995664485485,-0.3761287920607172,-0.2275647474581999,-0.2841371938943024
-0.9969568502987504,0.8241854866872923,0.03591517102954168,0.5887104599418661,0.7333887153705722,-0.49841334048665054,-0.8131373808946614,-0.2164577395569009,-0.7569002656026328,0.2159637371923289,1.9205734698388899,-1.2893059158973217,-0.3642695536169715,-0.3078888420086985,-0.16165520152839088,-0.311182043877904,-0.30123203803835463,-0.3078888420086985,-0.34914862437758787,-0.2588995664485485,2.6586637904565764,-0.2275647474581999,-0.2841371938943024
-0.9969568502987504,-2.0865061619411502,1.3032222871437789,0.7637922173373732,-1.3635333882860639,0.20714825452765404,-0.8979087944681117,-0.2182948256034193,3.047555120001424,-0.1813477100426008,1.668782568625427,-1.5423483024783042,-0.3642695536169715,-0.3078888420086985,-0.16165520152839088,-0.311182043877904,-0.30123203803835463,3.2479254313858776,-0.34914862437758787,-0.2588995664485485,-0.3761287920607172,-0.2275647474581999,-0.2841371938943024
-0.9969568502987504,-0.6828731334147439,1.2532567736052247,0.48972535771316694,0.7333887153705722,-0.5409636559754517,-0.9327715798552203,-0.21828241805891666,0.5891025283348283,0.16524312690701867,-0.6691021987778422,-0.07509995172897319,-0.3642695536169715,-0.3078888420086985,-0.16165520152839088,3.2135530300468167,-0.30123203803835463,-0.3078888420086985,-0.34914862437758787,-0.2588995664485485,-0.3761287920607172,-0.2275647474581999,-0.2841371938943024
-0.8913819519122053,-0.5400473164769691,0.08133836515550004,-0.3559581733398344,-1.3635333882860639,-0.6871820128369688,-0.06651351688318215,-0.2180986132717493,-0.2303816688873702,0.008854578527312099,-1.6928273397429476,0.9092940670651459,-0.3642695536169715,-0.3078888420086985,-0.16165520152839088,-0.311182043877904,3.319700011034929,-0.3078888420086985,-0.34914862437758787,-0.2588995664485485,-0.3761287920607172,-0.2275647474581999,-0.2841371938943024
1.114541117432152,-1.13105069690914,-0.41831677023004143,-0.993564912921095,0.7333887153705722,-0.7080703495314712,-0.7940024366042318,-0.2182747234576747,-0.471105151821391,-0.3123759532796523,-1.4929778599601717,1.3002692346402167,-0.3642695536169715,3.2479254313858776,-0.16165520152839088,-0.311182043877904,-0.30123203803835463,-0.3078888420086985,-0.34914862437758787,-0.2588995664485485,-0.3761287920607172,-0.2275647474581999,-0.2841371938943024
0.7978164222725167,-1.9141301759817666,0.8308210682338125,-0.042356723335997236,-1.3635333882860639,-0.5564364979713795,-0.34090139727424795,-0.04997542343550115,-0.22013811642209272,-2.008135023818523,-0.6589291797409494,6.302796503763255,-0.3642695536169715,-0.3078888420086985,-0.16165520152839088,3.2135530300468167,-0.30123203803835463,-0.3078888420086985,-0.34914862437758787,-0.2588995664485485,-0.3761287920607172,-0.2275647474581999,-0.2841371938943024
-0.9969568502987504,-2.4017079648383075,1.3123069259689706,1.269716073172947,0.7333887153705722,0.5630236204339919,1.4967753279764433,-0.21693865213452354,3.1499906446541983,-0.8576225138467368,2.3255846202325796,-1.5816575974515816,-0.3642695536169715,-0.3078888420086985,-0.16165520152839088,-0.311182043877904,-0.30123203803835463,-0.3078888420086985,-0.34914862437758787,-0.2588995664485485,-0.3761287920607172,-0.2275647474581999,-0.2841371938943024
-0.9969568502987504,1.5826398249085778,-0.513705477894554,0.7605224391856744,-1.3635333882860639,0.8570076183566187,-0.532250840178544,-0.19684612464145032,-0.4454962706581973,0.6259553369985862,0.18425091347043207,-0.5615870946162378,-0.3642695536169715,-0.3078888420086985,-0.16165520152839088,-0.311182043877904,-0.30123203803835463,3.2479254313858776,-0.34914862437758787,-0.2588995664485485,-0.3761287920607172,-0.2275647474581999,-0.2841371938943024
-0.9969568502987504,1.2575879656708842,-0.8816333503148162,-0.9727572337739214,0.7333887153705722,-0.07136290139904505,0.2548091325221451,-0.05767002467746314,-0.6703422472710381,0.4822469411902076,0.18064001251535713,-1.241004192069818,-0.3642695536169715,-0.3078888420086985,-0.16165520152839088,-0.311182043877904,-0.30123203803835463,-0.3078888420086985,-0.34914862437758787,3.8625016399891563,-0.3761287920607172,-0.2275647474581999,-0.2841371938943024
1.4312658125917874,-0.6237727953715267,0.6536706111425749,0.3815254261478621,0.7333887153705722,-0.593571318761606,-0.9051295281626134,-0.2175349837307756,-0.6759762011269406,-0.020732444139118872,0.1845286750823612,0.2793842002057582,-0.3642695536169715,-0.3078888420086985,-0.16165520152839088,-0.311182043877904,-0.30123203803835463,-0.3078888420086985,-0.34914862437758787,-0.2588995664485485,-0.3761287920607172,-0.2275647474581999,-0.2841371938943024
-0.7506154207301451,0.4400332894063808,-1.3222383333366117,-0.8131326094591719,0.7333887153705722,0.029210571574485183,0.31618536892540966,-0.2181370862779591,0.2356999682827552,-1.1069988477495118,0.18237602258991256,0.8348784601700235,2.7452198243597854,-0.3078888420086985,-0.16165520152839088,-0.311182043877904,-0.30123203803835463,-0.3078888420086985,-0.34914862437758787,-0.2588995664485485,-0.3761287920607172,-0.2275647474581999,-0.2841371938943024
0.09398376636221585,0.1790067963821723,-0.4955362002441706,0.22071179159613136,-1.3635333882860639,1.9091608740797044,-0.8344385452934415,-0.2182948256034193,-0.6186123073213867,0.07225534138394989,-0.991270948413766,-1.5505913622613452,-0.3642695536169715,-0.3078888420086985,-0.16165520152839088,-0.311182043877904,-0.30123203803835463,-0.3078888420086985,-0.34914862437758787,-0.2588995664485485,-0.3761287920607172,-0.2275647474581999,3.519426606190791
-0.9969568502987504,1.5727897685680416,-0.1866584801876538,0.2424112284210415,0.7333887153705722,0.22262109652358178,0.6302872846362352,-0.2181265062012514,-0.7010729046668703,1.1247080048041365,0.1811260953362329,-0.516983344248715,-0.3642695536169715,-0.3078888420086985,-0.16165520152839088,-0.311182043877904,-0.30123203803835463,-0.3078888420086985,-0.34914862437758787,-0.2588995664485485,2.6586637904565764,-0.2275647474581999,-0.2841371938943024
-0.9617652175032354,-0.6533229643931353,0.8353633876464083,0.5985197943969625,0.7333887153705722,-0.6624254656434845,-0.916105043378256,-0.2182948256034193,-0.18428568279362148,1.2430560954698602,0.6221768148776857,-1.188939332254404,-0.3642695536169715,-0.3078888420086985,-0.16165520152839088,-0.311182043877904,-0.30123203803835463,3.2479254313858776,-0.34914862437758787,-0.2588995664485485,-0.3761287920607172,-0.2275647474581999,-0.2841371938943024
1.3608825470007573,-0.16082014736632633,0.4583508764009544,0.6942351184739629,0.7333887153705722,-0.6283852132524435,-0.9237229174259554,-0.20088579029348036,0.5686154234042734,1.6530476952761175,-0.7299319917902506,-0.311428149896121,-0.3642695536169715,-0.3078888420086985,-0.16165520152839088,3.2135530300468167,-0.30123203803835463,-0.3078888420086985,-0.34914862437758787,-0.2588995664485485,-0.3761287920607172,-0.2275647474581999,-0.2841371938943024
0.234750297544276,1.2280377966492755,0.6582129305551707,2.2464879828531448,0.7333887153705722,-0.643858055248371,-0.3517324978160006,-0.2182948256034193,-0.29184298367903516,-0.291242365660773,0.17904288324676676,0.37461923477425324,-0.3642695536169715,-0.3078888420086985,-0.16165520152839088,-0.311182043877904,-0.30123203803835463,-0.3078888420086985,-0.34914862437758787,-0.2588995664485485,2.6586637904565764,-0.2275647474581999,-0.2841371938943024
1.0441578518411219,-0.08201969664203679,-0.14577760547429125,-0.284617559120952,0.7333887153705722,-0.7366951072239375,-0.9316585037562128,-0.022082493933389,-0.35330429847069994,0.9387324337579993,-0.5158125091946322,-0.35986019877948294,-0.3642695536169715,-0.3078888420086985,-0.16165520152839088,-0.311182043877904,-0.30123203803835463,-0.3078888420086985,2.8641098093474002,-0.2588995664485485,-0.3761287920607172,-0.2275647474581999,-0.2841371938943024
-0.9969568502987504,0.6074842471954961,0.44018159875057106,1.2765528820355903,0.7333887153705722,1.9168972950776684,0.8108056269987785,-0.21744072486556154,-0.7574124432258966,-0.9337034292747022,-1.3187866090793194,0.8437568546003745,2.7452198243597854,-0.3078888420086985,-0.16165520152839088,-0.311182043877904,-0.30123203803835463,-0.3078888420086985,-0.34914862437758787,-0.2588995664485485,-0.3761287920607172,-0.2275647474581999,-0.2841371938943024
-0.8561903191166903,1.1689374586060584,-1.8809436210858992,-2.437023340616481,0.7333887153705722,6.071355370984265,1.8975260480212894,-0.2182948256034193,-0.4045220607970874,0.31740495776294936,0.18140385694816202,-0.909001112270653,-0.3642695536169715,-0.3078888420086985,6.186005711819758,-0.311182043877904,-0.30123203803835463,-0.3078888420086985,-0.34914862437758787,-0.2588995664485485,-0.3761287920607172,-0.2275647474581999,-0.2841371938943024
-0.2931241943884496,1.6072649657599183,0.303912016372696,0.807785596105684,-1.3635333882860639,-0.2895299735416261,0.23675729828589073,0.016390512276420865,-0.5412734862085418,-0.3081492357558764,0.25181642557211403,-1.0048226095905102,-0.3642695536169715,-0.3078888420086985,-0.16165520152839088,-0.311182043877904,3.319700011034929,-0.3078888420086985,-0.34914862437758787,-0.2588995664485485,-0.3761287920607172,-0.2275647474581999,-0.2841371938943024
-0.9969568502987504,-0.27902082345276064,1.1442411077029246,0.5836571664346953,0.7333887153705722,0.8570076183566187,-0.9309472614873044,-0.21828511116935134,-0.2867212074463964,-1.1873064807012532,-0.14000104825495777,0.05240682479644757,-0.3642695536169715,3.2479254313858776,-0.16165520152839088,-0.311182043877904,-0.30123203803835463,-0.3078888420086985,-0.34914862437758787,-0.2588995664485485,-0.3761287920607172,-0.2275647474581999,-0.2841371938943024
0.7978164222725167,-0.33812116149597776,-1.9490784122748366,0.01768829363156206,0.7333887153705722,-0.6585572551445025,0.9371684666525589,-0.2182948256034193,-0.28159943121375763,0.19483014957344963,0.7206085861049567,0.3102223665482426,-0.3642695536169715,3.2479254313858776,-0.16165520152839088,-0.311182043877904,-0.30123203803835463,-0.3078888420086985,-0.34914862437758787,-0.2588995664485485,-0.3761287920607172,-0.2275647474581999,-0.2841371938943024
1.2904992814097271,-0.3331961333257097,0.758143957632279,0.27391999970104786,0.7333887153705722,-0.6802192339388013,-0.1567726880644538,-0.2182948256034193,0.6966598292202419,0.659769077188793,-0.14854221782176838,0.12125103555362474,-0.3642695536169715,-0.3078888420086985,-0.16165520152839088,-0.311182043877904,-0.30123203803835463,-0.3078888420086985,2.8641098093474002,-0.2588995664485485,-0.3761287920607172,-0.2275647474581999,-0.2841371938943024
