id,name,artists,duration_ms,popularity,danceability,energy,key,loudness,mode,speechiness,acousticness,instrumentalness,liveness,valence,tempo,y,duration_min
76oTcfNSAGS1cmzVTjof5e,Sua filha é puta,MC Levin,168250,28,0.684,0.443,5,-6.753,0,0.323,0.494,0.00305,0.0288,0.629,88.506,0,2.8041666666666667
2kWowyDGD9yOL0WQzni20m,Vou Parar de Tomar Gin,Mc IG,162046,0,0.802,0.52,0,-6.973,1,0.253,0.447,0.0,0.0942,0.956,160.054,0,2.7007666666666665
142YjJNOuXjzeSDnB1ujw1,Sua amiga deu,MC Levin,178173,58,0.947,0.556,7,-4.536,1,0.0736,0.277,5.43e-06,0.208,0.426,130.046,0,2.96955
0jlLqG8aydyDjZkJ0ShmPg,Capital das Notas,MC Menor Mr,184000,0,0.719,0.565,3,-5.924,1,0.212,0.309,0.0,0.0768,0.643,82.732,0,3.066666666666667
5PNJXjGx8PAFooqCRuTUIv,Casal Bonnie e Clyde,Mc Magal,190907,49,0.552,0.491,1,-5.261,1,0.312,0.0789,0.0,0.0471,0.765,86.041,0,3.181783333333333
6hBJItQ4UzU7daLNHefFdd,Abandonei a Gabriela,MC V7,218666,0,0.734,0.656,5,-4.805,1,0.038,0.0531,0.0,0.0967,0.53,89.988,0,3.644433333333333
1yaR4QvPRMqC9gbIIKqdwj,Não Complica,MC Vinny,140840,0,0.816,0.555,9,-6.599,1,0.0997,0.103,5.18e-05,0.0594,0.661,150.096,0,2.3473333333333333
4kiauw5SBqEsu5GuGD09aM,Novinha Você É uma Flor,MC Alexandre,143971,0,0.86,0.469,7,-6.262,1,0.109,0.23,0.0,0.0988,0.769,130.126,0,2.3995166666666665
2sFtx0JbwbPWE06xTbkYvN,Anonimato,Mc PP da VS,231549,0,0.94,0.633,5,-6.061,0,0.301,0.511,0.0,0.692,0.74,129.938,0,3.85915
6xdJxdr8ZgQxrp9DjjBX1M,Banheira de Espuma,MC Neguinho do Kaxeta,186352,0,0.722,0.57,3,-7.955,0,0.101,0.189,0.0,0.152,0.821,170.002,0,3.1058666666666666
1x82ck25gCbMhOjzPriTO3,É Tudo Puta,MC Maneirinho,142841,0,0.961,0.623,10,-5.488,0,0.131,0.0951,0.0756,0.0678,0.728,130.092,0,2.3806833333333333
0qFg2j9IjTwEKlG7ubIwm5,Toma Karen,MC Fabinho da Osk,248293,31,0.951,0.968,10,0.55,0,0.201,0.642,0.00083,0.0884,0.579,130.006,0,4.138216666666667
1NhURyuIRBR9mjL9mEq19l,Toma na Tcheka Vara,MC Gomes,163555,18,0.902,0.476,7,-3.478,0,0.358,0.626,0.0,0.0635,0.851,135.138,0,2.7259166666666665
3AUyKWQEarfRQzDa0V1QI9,Dá uma Sentada Que Passa,Mc Kaio,140538,47,0.815,0.642,11,-4.677,0,0.0374,0.231,0.00198,0.179,0.664,130.07,0,2.3423
2FGJiO7pau2JkaO5VUYTL2,Vai Com a Potranca,Mc 7 Belo,167758,0,0.852,0.526,10,-6.539,1,0.256,0.676,0.00746,0.322,0.573,129.982,0,2.7959666666666667
3XxCrC4JUUy9RNVfjDW9MG,011 É o Ddd,Mc Talibã,145266,0,0.956,0.982,7,0.282,1,0.296,0.677,0.0104,0.75,0.495,129.899,0,2.4211
4VgvliS9U0tMW1YByWUQpv,O Momento de Botar,MC Rafa Original,197538,0,0.949,0.473,7,-4.102,1,0.236,0.511,2.53e-05,0.0943,0.724,130.052,0,3.2923
7qHJfasHCvHFaA0YDVA5FZ,De Copão na Mão Sarrando a Sua Filha,MC Luuh,240372,15,0.905,0.623,10,-4.721,0,0.052,0.593,1.07e-06,0.0746,0.961,132.012,0,4.0062
1Fc4p4FwsqH86K4mZfvjwG,O Mais Amado,MC Torugo,216817,0,0.934,0.456,5,-6.953,1,0.215,0.357,2.84e-05,0.0949,0.614,132.027,0,3.6136166666666667
7LxM12lDHn8k3YmATTVvEk,Pam Pam Ti,Theuz,155768,29,0.966,0.79,1,-2.354,1,0.0859,0.416,0.000301,0.0455,0.892,131.009,0,2.5961333333333334
4PGVGx3vrVeIu6ITo5fFzF,Toma Toma Tá,MC Rogê,160500,35,0.768,0.816,11,-4.059,0,0.385,0.369,0.0,0.285,0.604,149.885,0,2.675
2nCKTSg3tWkfth4TSYBVzy,Ao Som do 150,Rebecca,119612,43,0.897,0.796,9,-3.782,1,0.334,0.522,0.0,0.165,0.959,155.043,0,1.9935333333333334
7yAXupI28jFusYRBCYE8zv,O Megatron Ta Começando,MC Rafa 22,207804,5,0.712,0.717,11,-1.755,0,0.385,0.55,0.0,0.214,0.909,65.448,0,3.4634
0Rj73r0OOJDuXqCtpg7rYF,Hoje Vai Ter Paredão,MC Rafa 22,125413,2,0.857,0.81,4,0.133,0,0.0551,0.282,3.21e-06,0.0531,0.916,134.027,0,2.0902166666666666
7fy4ax4OpWABpauIuDRQWI,Copo de Whisky na Mão,MC W1,132963,12,0.946,0.503,8,-4.185,0,0.207,0.203,5.68e-05,0.0309,0.301,129.982,0,2.21605
2kwfAdbcE1aps6P61SK1fs,Bota o Bundão pra Aquecimento,MC Rafa 22,108935,7,0.876,0.711,8,-0.528,1,0.157,0.571,0.0168,0.101,0.944,132.715,0,1.8155833333333333
2LPlsdRUb4GRq9Wb5sfunH,Senta Aqui Pra Descontrair,MC Arraia,144640,0,0.945,0.392,1,-6.133,1,0.319,0.00297,0.0,0.389,0.737,130.205,0,2.4106666666666667
1IwiicLwxcjDIKZy7WgdA7,Aquecimento Pras Novinhas,Mc Ed,152790,0,0.929,0.505,1,-7.624,1,0.15,0.373,4.97e-05,0.0748,0.749,131.987,0,2.5465
1HLdCQqwom9hTuLdLy2Mz8,Fogo na Dança,Mc Ed,198374,20,0.843,0.92,7,-5.217,1,0.0455,0.173,0.000106,0.32,0.775,135.017,0,3.306233333333333
2MOh9DvGjn6234gMxZvbbt,Vida de solteiro,Mc CL,230179,35,0.881,0.834,9,1.642,1,0.041,0.161,0.0,0.144,0.501,129.963,0,3.836316666666667
1glXZFjVfeGVceIz2u4KLf,Quem Eu Sou,MC CLSP,178233,34,0.933,0.552,8,-5.477,1,0.225,0.268,0.0,0.0981,0.599,131.993,0,2.97055
5ZwX7MElezy7wlfSMMD1gS,Fugueta,MC CLSP,191657,14,0.94,0.655,6,-4.135,1,0.278,0.4,0.001,0.075,0.481,132.022,0,3.1942833333333334
51itp9mG8Nf1aKbEekgcxV,Fumaça e Luar,Livinho,192000,29,0.908,0.719,11,-1.701,0,0.0795,0.0004,1.53e-06,0.0376,0.567,125.033,0,3.2
5tRd1pfBxJKl4RPtk0GMOj,"Não Para, Não Para",MC Petter,162586,16,0.883,0.72,9,-1.058,1,0.124,0.0586,8.24e-05,0.708,0.408,86.689,0,2.709766666666667
1oEiWJLbqcdUjskc0E6IHf,Ela Senta Bem Gostosinho,MC Petter,166254,7,0.846,0.371,1,-4.767,1,0.547,0.326,7.79e-06,0.271,0.571,86.579,0,2.7709
7Fq0IWd06H1DgWfPhI0dVd,Popozão,MC Petter,128039,0,0.799,0.697,9,-3.935,1,0.0598,0.0332,0.000191,0.0532,0.621,180.122,0,2.133983333333333
0RTpJ2rdyYTRaZQdx9PS0l,Deixa Lenta,MC Fleshinho,123559,0,0.896,0.822,11,-3.916,0,0.14,0.114,0.0,0.0389,0.915,150.057,0,2.0593166666666667
6QFKHn9cYXtIMzswl9W6PO,Flexiona,Mc Troia,166504,39,0.897,0.628,11,-3.89,0,0.202,0.0411,0.0,0.237,0.508,150.001,0,2.7750666666666666
5BksPA7SFrnW0B4QNcHxHM,Pode Balança,Mc Troia,164440,29,0.738,0.943,1,-0.869,1,0.0518,0.0586,0.0,0.314,0.89,160.069,0,2.740666666666667
3voDDf44dmB2zKa3no2h2m,Tá Rocheda,Mc Elvis,188630,27,0.788,0.451,4,-6.058,1,0.077,0.165,0.0,0.0793,0.924,160.106,0,3.1438333333333333
3u2CDiJ1ksvvfUApfXmtau,Confesso,Mc Elvis,257214,0,0.773,0.449,5,-6.59,1,0.0592,0.121,0.0,0.122,0.867,157.969,0,4.2869
6xxxUd2HJnGDVSaE2O5IYL,Seu Zé,Mc Elvis,219491,23,0.726,0.524,9,-6.114,1,0.0626,0.106,0.0,0.316,0.872,159.914,0,3.658183333333333
2B5t2JiExquIZJZWb0hlSC,Idiota,Mc Elvis,170762,12,0.809,0.573,10,-5.97,0,0.0941,0.122,0.0,0.049,0.928,80.022,0,2.846033333333333
6cbVDUSzKj6ogYZVS8wgd4,Machucando o Coleguinha,MC Cego Abusado,139598,26,0.838,0.775,6,-3.15,1,0.0967,0.0752,1.48e-05,0.0848,0.961,80.01,0,2.3266333333333336
54sF0MCxn3B80ZzaPrlUX2,Praia de Jacumã,MC Cego Abusado,119431,18,0.897,0.735,6,-6.11,0,0.118,0.111,0.0,0.253,0.86,151.967,0,1.9905166666666667
2Xbm1GS9hBtMzaZ9oqzfHd,Senta Bem,MC Cego Abusado,167366,17,0.84,0.64,3,-3.323,0,0.189,0.000613,0.0,0.0536,0.923,159.949,0,2.789433333333333
2Bv3w0y9BlOOfdpJeQ7h45,Encaixada,Mc Troia,162063,21,0.865,0.785,6,-5.468,1,0.257,0.381,3.19e-05,0.237,0.962,169.909,0,2.70105
1DnJXw2RjFSCl40OVBrT1R,Liga no Chefe,MC Reizin,148218,0,0.767,0.655,11,-6.606,1,0.0624,0.442,0.000635,0.263,0.764,170.022,0,2.4703
2xb3PnT4FD9Tlt6GLTVu8P,Não Tem Como Resistir,MC Reizin,197052,46,0.759,0.669,1,-8.605,0,0.0595,0.175,0.0,0.143,0.661,95.007,0,3.2842
2sWJR5MPYJBCds5s23LRcv,Sentando Sem Compromisso,MC Delta,108773,0,0.776,0.534,8,-6.291,1,0.212,0.374,2.29e-05,0.0628,0.858,170.312,0,1.8128833333333334
5OQsIXDfhQQ2m878QhhnGf,Baile da Gaiola,Mc Daninho,159888,0,0.901,0.526,11,-5.496,0,0.207,0.402,6.96e-05,0.0362,0.939,82.55,0,2.6648
77oqowFEYWlp6muEaSxRb2,Deixo Você Me Empurrar,Mc Princy,188029,0,0.739,0.931,10,-0.787,1,0.212,0.1,0.0,0.183,0.859,81.526,0,3.1338166666666667
7IFXlwyHqQ6VMtWLfjDUqZ,Jatada de Leite,Mc Abalo,139067,18,0.833,0.835,10,-3.463,1,0.229,0.147,0.0,0.13,0.46,163.996,0,2.3177833333333333
1demYeXXPs57J5gVw10Ks4,Tem Que Bater,MC Sapão do Recife,151719,0,0.857,0.822,0,-4.621,1,0.259,0.315,0.00032,0.109,0.668,172.608,0,2.52865
163SqUJ9bGYp6YY8CQo9wF,Malicinha,MC V2,149864,32,0.854,0.775,5,-6.566,0,0.0856,0.214,0.0,0.307,0.962,82.511,0,2.497733333333333
1tySLODkG7TjlMuNGhV0IW,Baile da Gaiola 2,Mc Daninho,151327,26,0.895,0.718,1,-5.484,0,0.265,0.111,0.0,0.0851,0.841,82.491,0,2.522116666666667
0WMlpkJQTjHrEpm1uu8mLV,Levada Envolvente,Mc Romântico,146912,8,0.745,0.651,5,-5.592,0,0.0392,0.237,0.0,0.0768,0.966,164.992,0,2.4485333333333332
0Q4idwgYziQYhsUd0aabDU,Maceta Ela,MC Reizin,156969,25,0.614,0.516,7,-7.455,1,0.112,0.519,8.91e-05,0.175,0.911,169.237,0,2.61615
4cIdaiHn6sV7OdkQdBOdxV,Mamando Ela Foi,MC Timbu,137012,0,0.756,0.664,5,-5.402,1,0.15,0.536,0.0,0.078,0.766,169.882,0,2.283533333333333
4lcb6qq4iVEfx0U0FGbdNi,Eu Botei no Cú e Saiu na Boca,MC Timbu,144000,0,0.717,0.575,6,-7.105,0,0.198,0.77,1.45e-06,0.0968,0.689,130.321,0,2.4
2PS5KKCWgKYGlBgEJRY1La,Eu Botei no Cu e Saiu na Boca,MC Timbu,130063,0,0.876,0.934,8,-0.639,0,0.401,0.743,0.0,0.511,0.895,99.775,0,2.1677166666666667
0moTJnRHi6fNWG7luim3Jh,O Tamanho da Minha Pica Deixou a Novinha Louca,MC Timbu,141662,0,0.615,0.608,4,-4.802,1,0.559,0.179,1.78e-06,0.218,0.794,178.906,0,2.3610333333333333
74AbkJbOHBIb6LNKIzVWWk,Tô Fora de Laço,MC Taizinho,185885,13,0.666,0.5,7,-8.549,1,0.567,0.0294,0.0,0.0703,0.684,94.417,0,3.0980833333333333
3CcYGz9arTJCKDpZuivWXL,Os Faixa Preta Vai Passar,ELLY,133642,18,0.673,0.776,9,-4.91,1,0.406,0.055,0.000741,0.275,0.907,149.103,0,2.2273666666666667
4nVeG9irFtJfDHxLwA2wey,"Mochila Nas Costas, Radinho Na Cintura",Mc Topre,155951,0,0.679,0.913,6,-4.093,0,0.46,0.195,0.00391,0.103,0.815,81.984,0,2.5991833333333334
1ayKFais9elFBwE3zqN4Ar,Sento Com Talento,Rebecca,112000,31,0.668,0.58,11,-5.173,0,0.371,0.0273,0.0,0.0802,0.587,96.256,0,1.8666666666666667
1HEr5uCRyuuLlVCOB1RiTE,Garupa,Luísa Sonza,128067,40,0.785,0.76,6,-4.168,0,0.0438,0.175,6.25e-05,0.169,0.498,101.964,0,2.13445
220QqE38Qrmyrtyd5xqB8i,Seu Crime,Pabllo Vittar,154941,46,0.788,0.667,8,-5.215,0,0.0913,0.0944,2.68e-06,0.14,0.646,127.056,0,2.58235
3eCofNVG97J3lRyNhh0zPP,Boa Menina,Luísa Sonza,147501,46,0.819,0.565,5,-5.87,1,0.0537,0.033,6.71e-06,0.0874,0.58,89.965,0,2.45835
0HocIafyaS4C7rDGTJXYnj,Bomba Relógio,Luísa Sonza,210837,38,0.778,0.596,0,-6.779,0,0.0644,0.747,0.0,0.203,0.868,107.905,0,3.51395
2KlcjhynNLGbvyS6z5mFD8,Sexo no Vidigal,Dj Risada,179317,37,0.806,0.951,4,0.898,0,0.325,0.307,0.0,0.16,0.469,93.826,0,2.9886166666666667
5tDsDvz7BDTtiDvhWxPVk2,Ih o Carnaval Tá Vindo Ai,MC Reizin,100760,31,0.903,0.771,5,-2.919,1,0.437,0.579,0.0,0.128,0.881,103.198,0,1.6793333333333333
3BT9VGIAXeH5KRDnyqNASy,Vai Tomar Pau da Gaiola,Mc Calvin,166008,2,0.903,0.985,7,-6.834,1,0.304,0.19,0.0,0.106,0.367,150.022,0,2.7668
0PJMowBZtDaVyWD19tAUls,Vou Te Levar pro Beco,Mc Calvin,169168,1,0.834,0.897,6,-2.763,0,0.331,0.153,1.15e-06,0.178,0.615,106.012,0,2.8194666666666666
62BMP3xJ0NupOWjz1eQ0Vj,Sem Sentimento,MC Roger,156055,48,0.899,0.556,10,-3.803,0,0.397,0.167,0.0,0.0841,0.626,150.015,0,2.6009166666666665
1kg8WVYDnes58GOJgwQVFR,Os Clínicos,MC Cabelinho,154509,29,0.662,0.853,0,-4.764,1,0.445,0.291,0.0,0.116,0.524,99.626,0,2.57515
2CNDagCqnLv5WrPNC1WlvT,Sem se apegar,MC Du Black,174445,23,0.733,0.744,1,-5.896,0,0.0529,0.468,0.0,0.225,0.889,150.051,0,2.9074166666666668
4Yt9oReFfOO9tSiMOhI3nH,A Amizade Continua,MC Du Black,149600,15,0.821,0.829,3,-2.79,1,0.104,0.0508,0.0,0.214,0.647,150.044,0,2.493333333333333
76tSJsLTbSZAr2LLDY8yZh,Recaída,MC Vitinho Avassalador,145632,0,0.715,0.518,1,-6.144,1,0.0426,0.218,0.0,0.157,0.931,149.955,0,2.4272
7FFxxNZXNYIBgWOgmAfbxg,Redes Sociais,MC Luan da BS,206811,49,0.449,0.571,5,-2.457,1,0.0468,0.561,0.0,0.122,0.487,86.809,0,3.44685
3IBzeiOJO6sOnYisfMTrti,Poucas Ideias,MC Vitin LC,204230,43,0.741,0.495,10,-2.543,0,0.0457,0.511,0.0,0.103,0.608,130.04,0,3.4038333333333335
4Wm9JcZiWBvz92K9qAAdwN,Vai Rebola Vai,MC Vitin LC,151043,15,0.862,0.588,0,-2.442,0,0.0316,0.332,0.253,0.245,0.228,129.988,0,2.5173833333333335
3u2sQL7gC7EjPFM9wG4lhy,Vida Bandida,MC Pkzinho,173583,20,0.624,0.49,5,-4.336,1,0.347,0.71,0.0,0.136,0.264,82.119,0,2.89305
7vvGZq9Uky3D9Q8RSRCGt8,Ela Passa Vem,MC Pkzinho,121966,24,0.541,0.444,6,-5.226,0,0.12,0.81,1.4e-05,0.126,0.402,85.87,0,2.032766666666667
3CBo1ursYTpd9iopmuzl1a,Menina de Favela,Mc Kaio,161567,19,0.778,0.742,10,-2.546,0,0.0443,0.517,0.000107,0.132,0.431,133.086,0,2.6927833333333333
7hnW4KUpCpUKz9WsTuwE2N,Decida,Mc Kaio,105864,27,0.812,0.503,0,-5.344,1,0.0494,0.42,5.63e-06,0.0838,0.522,131.094,0,1.7644
5uLR4ooKRpumSFwG7eLQbr,Golpe em Cima de Golpe,Mc Frog,140352,13,0.894,0.437,0,-2.824,0,0.0469,0.549,8.12e-05,0.112,0.556,130.005,0,2.3392
5V6EoY1Kq9O8oOFjJjhUYn,Emocionado Emocionou,Mc Frog,139464,5,0.787,0.527,1,-1.533,0,0.0372,0.494,0.000238,0.134,0.843,130.002,0,2.3244
0EWOffv7fXGFDO6QET6C2A,Começou o Bailão,MC Arraia,156891,0,0.77,0.29,0,-11.929,1,0.0644,0.211,0.0,0.105,0.656,86.328,0,2.61485
3jdNHCyE48KnsnXaJwsFy3,Casal Bem Louco,MC Marks,131368,58,0.55,0.831,3,-0.938,0,0.0968,0.732,0.0,0.209,0.824,90.739,0,2.1894666666666667
3AHnRCZ39CfGbYRl3euaaH,Robocop,Mc Leo da Baixada,201874,0,0.642,0.578,7,-6.239,1,0.55,0.168,0.0,0.0716,0.464,87.608,0,3.3645666666666667
4fXzmcqgzhuJu9vXK64FW5,Gratidão,Mc Kelvinho,156603,0,0.777,0.559,1,-8.435,1,0.488,0.619,0.0,0.0964,0.324,163.892,0,2.61005
2TpfIIAtMFi3ta7dncAT3o,Visão de Cria,MC Rhamon,166363,46,0.77,0.603,1,-5.882,1,0.378,0.512,0.0,0.0494,0.396,175.783,0,2.7727166666666667
09pXMR38aQ3erbIzzXCvbI,Dinheiro,MC Rhamon,181002,34,0.683,0.411,9,-5.929,0,0.201,0.0397,0.0,0.123,0.765,124.957,0,3.0167
4s8qE0lKirf4epFUCJvlN0,Sem Limites,MC Rhamon,186461,0,0.858,0.558,8,-4.394,0,0.122,0.102,0.0,0.0399,0.862,86.751,0,3.107683333333333
1g2CnNmZ7WkdIz2QjsIWdO,Porta Voz das Quebradas,MC Rhamon,225608,23,0.948,0.702,9,-4.054,0,0.105,0.442,0.0,0.348,0.679,130.026,0,3.7601333333333335
5jTa7Nf1qj1fE3vc5ZKCkv,Não Sei de Nada,Mc Mãozinha,183797,0,0.874,0.54,3,-4.436,0,0.0509,0.753,0.0,0.0373,0.612,131.934,0,3.063283333333333
0eNyCrKg2BDMof7EKxmzuS,Vou de Bmw 2,Mc Mãozinha,180741,0,0.648,0.946,0,-5.342,1,0.317,0.0874,0.0,0.712,0.4,129.643,0,3.01235
5u8VHxmHSXYGI2LZwOUSbZ,Camisa 10,Mc Mãozinha,218071,0,0.615,0.787,7,-5.448,1,0.431,0.0749,0.0,0.157,0.308,88.781,0,3.634516666666667
5zuo9kH1Rj4GZbVGVGbXEW,4m Louco,Mc Mãozinha,177110,0,0.879,0.736,2,-5.107,1,0.296,0.156,0.0,0.0744,0.265,129.759,0,2.9518333333333335
644PiGkSHHQbUbvv0x2jTY,Chefe do Mastercard,Mc Kelvinho,205574,16,0.586,0.698,1,-4.099,0,0.341,0.15,0.0,0.0831,0.461,130.008,0,3.4262333333333332
6UVwyJ81pul0Vv8ACmhjGL,Nossa Melhor Façanha,Mc Dimenor,181746,25,0.776,0.657,1,-7.0,0,0.332,0.247,0.0,0.277,0.962,130.121,0,3.0291
1xGkVkgSbu76SZNSeqzKtT,Os Garoto Maroto,Mc Dimenor,153680,39,0.768,0.79,3,-4.298,0,0.374,0.461,0.0,0.125,0.801,129.983,0,2.5613333333333332
2keHonEjxImArjfnsRKpja,Agora os Bico Chora,Mc Jhojhow,158850,8,0.874,0.44,1,-7.416,0,0.0443,0.151,0.0,0.177,0.686,88.786,0,2.6475
6uQGWCkAF3rM1KpmyMlLHR,Desafio do Tum Dum,Mc Jhojhow,192052,20,0.883,0.823,8,-5.713,1,0.163,0.28,0.00101,0.0946,0.529,129.958,0,3.2008666666666667
7eNK2an9r40MB4C3rmG0r4,Desafio do Combate - DJ Gege Remix,Mc Nando Dk,226185,23,0.93,0.855,8,-4.776,1,0.259,0.395,9.22e-05,0.273,0.463,130.029,0,3.76975
4BneU84jzqyle9OnrFmNAS,Treme Bunda,R1,157440,26,0.88,0.828,6,-0.531,0,0.0554,0.437,0.000136,0.145,0.768,94.991,0,2.624
3Bjjfv0UITE5tsERLD7AGz,Querida Ham Ham Cheguei,Mc Magrinho,222589,0,0.759,0.726,7,-6.906,1,0.438,0.301,0.0,0.39,0.399,130.318,0,3.7098166666666668
57MTKK5gvKQXkx1XDcu5Wg,Passinho de Romano,Mc Magrinho,192679,0,0.804,0.845,6,-6.798,0,0.282,0.195,3.57e-05,0.255,0.685,130.179,0,3.211316666666667
7utU6IzPKNXXciRT8YKwmy,Eu Sou Patrão Não Funcionário,Menor do Chapa,159973,48,0.919,0.914,10,-2.441,0,0.408,0.507,0.0,0.0548,0.847,130.057,0,2.6662166666666667
0BcyEKVj3v4COQuBxiIejb,Humildade e Disciplina,Menor do Chapa,135497,39,0.688,0.643,6,-11.742,1,0.331,0.476,0.0,0.515,0.841,128.024,0,2.2582833333333334
5zesnX8rJ9W1WiFa64lH0H,Firma Milionária,Menor do Chapa,210520,45,0.943,0.946,5,1.295,0,0.301,0.27,0.0,0.0475,0.965,130.179,0,3.5086666666666666
2WqwoGVFLwHiI5qFe8Gknt,Vida Louca,Menor do Chapa,179706,0,0.945,0.788,6,-7.302,0,0.197,0.469,0.0,0.123,0.927,129.003,0,2.9951
2YcYq07Y8WizYfdXckzHk2,É Só Catucadão,Mc Roba Cena,139031,0,0.952,0.875,1,-5.94,1,0.146,0.289,0.0,0.0444,0.832,130.06,0,2.3171833333333334
0Gv6vYS0yyP6KMaCOiJL5g,Parado Na Esquina,Mc Roba Cena,51692,33,0.886,0.804,11,-7.874,0,0.347,0.686,0.0,0.797,0.932,86.685,0,0.8615333333333334
3ShPuQnVlARW7ZhEQxpT84,Poxa Vida,Mc Roba Cena,155140,21,0.593,0.567,8,-9.919,0,0.534,0.578,0.0,0.629,0.865,86.567,0,2.5856666666666666
0PwSh5KZSGMJ20gxQsXbB8,É O Pique Hein - Dj 2L MLQ Sinistro,Mc Roba Cena,219245,13,0.829,0.954,11,-2.997,1,0.0684,0.0525,0.0,0.074,0.89,160.053,0,3.6540833333333333
06RLZonRimy3B9WAn44ftT,Deslizo E Desco,Mc Priscila,222136,1,0.576,0.87,0,-1.87,1,0.385,0.616,0.0,0.121,0.852,130.085,0,3.7022666666666666
7yXjiudJb6NZqVJWXwwTKP,Solta Logo Esse Tambor,Mc Larissa,141296,11,0.811,0.745,9,-4.759,1,0.28,0.482,0.0,0.369,0.864,130.144,0,2.3549333333333333
0ZIqoxtoXPZlfZvrfxNsYZ,"Fica a Vontade Tá? Tu Tá na 13, Tá?",MC Flavinho,212998,8,0.861,0.94,7,-4.376,1,0.348,0.382,0.0,0.105,0.598,149.959,0,3.5499666666666667
4j3ks7PnPeax3qtSCCu52c,Não fala da Beth,MC Saci do Pira,228963,18,0.955,0.837,7,-4.446,1,0.249,0.0977,0.0,0.213,0.638,130.101,0,3.81605
2y0lYm1RyouoySaV226NRY,Sete da Manhã,MC 2L,203125,0,0.729,0.979,5,-0.587,1,0.0706,0.783,0.0,0.621,0.749,130.117,0,3.3854166666666665
24L4MaOvF7sH4GUX8U5AYz,Ai Meu Lulu,Mc Zuza,158011,11,0.762,0.667,3,-4.538,0,0.106,0.557,4.63e-06,0.137,0.646,129.945,0,2.6335166666666665
3i0CC1WMDMfss92QsaPkOr,Ai Meu Piru - Dj Lucian e Dj R15 Remix,Mc Zuza,132774,16,0.799,0.881,7,-3.699,1,0.0751,0.135,0.0,0.0581,0.925,130.027,0,2.2129
6Qq7F1cu1W4RTzmVMjWwhj,Montagem Senta no Poste,Mc Rd,143725,0,0.781,0.865,0,-2.904,1,0.194,0.404,0.0,0.196,0.714,129.982,0,2.3954166666666667
0AwPzqv3MLAYyKxhvTpDfr,Vem Cá Novinha Rebolando de Sainha,Mc Rd,170690,0,0.92,0.985,1,-0.665,1,0.217,0.303,0.0,0.0955,0.547,130.093,0,2.8448333333333333
4flFJBcyeqMQjnCllmQtYt,Dona Da Noite,MC Marcelly,173813,5,0.813,0.807,9,-4.249,0,0.0974,0.18,0.0,0.131,0.883,130.027,0,2.8968833333333333
47JvW4EAZcmwdLvFYQUL65,Joga Nele,MC Marcelly,156571,3,0.896,0.867,6,-3.207,1,0.293,0.362,0.0,0.123,0.526,140.039,0,2.6095166666666665
1FJtsOpE3G33dckPKpj2MX,Marcha do Remador (Se a Canoa Não Virar),MC Marcelly,132386,5,0.8,0.8,0,-6.31,1,0.201,0.594,0.0,0.263,0.964,131.902,0,2.2064333333333335
2VLcBmrlROVlaGBkrpq1ts,Demorô,Biel,176706,39,0.848,0.758,1,-4.605,0,0.0554,0.191,0.0,0.084,0.851,97.016,0,2.9451
2DXpSXVngUnOpOPu9jmS82,Vou tacar,MC Mirella,130230,35,0.818,0.859,1,-0.224,0,0.12,0.212,0.000737,0.0453,0.83,86.483,0,2.1705
6YlhauA7Y5oqznubij0iGU,Te amo piranha,MC Mirella,162818,33,0.922,0.624,0,-4.892,1,0.0774,0.241,0.0,0.0894,0.636,130.106,0,2.713633333333333
5iPoYP37zMofM4GSC6VSDu,Metralhadora,Mc Bella,183600,11,0.819,0.863,11,-3.555,0,0.0477,0.191,0.0151,0.0863,0.596,132.006,0,3.06
6t4dFNnocfJUQFdl7Y9PQb,A Resenha,Mc Sapao,186666,8,0.709,0.691,9,-5.272,0,0.0703,0.0208,0.00472,0.105,0.517,80.969,0,3.1111
6P0fgb4aGJBHRPJUS3qEWN,Passinho do Alibabá,Mc Bella,143992,2,0.839,0.799,0,-7.683,1,0.327,0.367,0.00131,0.14,0.861,86.579,0,2.3998666666666666
4dEJNZCO54vdg55dXxhIXk,De Patroa,Mc Bella,140731,6,0.622,0.831,2,-1.646,0,0.28,0.332,0.0,0.127,0.91,129.845,0,2.3455166666666667
5Lu2l2zU4ItNTuDqVC8Ult,Aquecendo,Mc's Zaac & Jerry Smith,172710,0,0.953,0.576,6,-3.357,0,0.235,0.111,0.00223,0.114,0.718,130.113,0,2.8785
1IeIWLxfi5pLzIolVgiDrk,Paranauê,Mc's Zaac & Jerry Smith,177293,0,0.57,0.759,11,-3.658,1,0.347,0.0709,0.0,0.164,0.11,89.279,0,2.9548833333333335
13czuvaAhZ8yWP2OOitFlW,Salve Geral,Mc Nego Blue,150517,0,0.687,0.855,1,-2.15,1,0.311,0.0349,3.42e-05,0.0787,0.336,96.716,0,2.5086166666666667
7KZa6ZCGp6v2hqhDNdtGbI,É Gol,Mc Nego Blue,242834,0,0.642,0.735,11,-5.677,1,0.378,0.469,0.0,0.354,0.424,86.124,0,4.047233333333334
5BryMRzwtPUztsAM1d4R4s,Fogarel,Mc Nego Blue,206811,0,0.872,0.792,11,-2.421,1,0.141,0.235,0.0,0.0453,0.704,130.081,0,3.44685
76q1Tig7j8ReTQCG6vR9EI,Me Chama,MC Nego Blue e Flora Matos,196458,0,0.68,0.858,11,-5.096,0,0.144,0.0501,0.0,0.0795,0.794,129.941,0,3.2743
5r4hiqXKhTtS6cPPrlkNmg,Motor Potente,Mc Yago,258977,0,0.755,0.786,1,-1.621,1,0.372,0.483,8.88e-05,0.0531,0.349,86.823,0,4.316283333333334
3UzTZdxtrwcBkTbx4jUIIq,Vem Dançando,Mc Nando,199384,0,0.908,0.884,6,-1.212,1,0.0948,0.0758,0.000294,0.162,0.364,130.088,0,3.3230666666666666
6TzbJ0BDnd6vlVg0EHPvfI,Deixa Ela Dar,MC Alemão,155350,0,0.951,0.461,1,-4.907,1,0.0937,0.194,3.72e-06,0.0648,0.92,130.055,0,2.589166666666667
4mMBvA1SKIyVTrMn0y4hPC,Logística,MC Gão,191609,0,0.906,0.948,10,-3.638,1,0.28,0.494,1.87e-05,0.0391,0.679,130.134,0,3.1934833333333335
49n6Th2A1crWksdudv73t5,Só no Cú Piranha,DJ Nem,109714,12,0.614,0.925,4,-1.763,1,0.384,0.416,0.0,0.102,0.824,179.985,0,1.8285666666666667
6NHxhlfg2ueydSqWahv1by,Sonho de um Favelado,MC Menor Mr,210720,42,0.918,0.895,10,-2.381,0,0.318,0.172,0.0,0.0829,0.91,104.919,0,3.512
6NHxhlfg2ueydSqWahv1by,Sonho de um Favelado,MC Menor Mr,210720,42,0.918,0.895,10,-2.381,0,0.318,0.172,0.0,0.0829,0.91,104.919,0,3.512
7hKemCprUtFx88R7pOgTwD,40 Metros,Mc PP da VS,171000,0,0.887,0.344,0,-13.813,0,0.443,0.188,2.47e-06,0.178,0.827,80.0,0,2.85
7hKemCprUtFx88R7pOgTwD,40 Metros,Mc PP da VS,171000,0,0.887,0.344,0,-13.813,0,0.443,0.188,2.47e-06,0.178,0.827,80.0,0,2.85
0dAviMKIaPQHbCd8DswIcg,Ploc Ploc,Mc Ramon,132519,11,0.855,0.728,5,-4.095,1,0.0846,0.119,0.0,0.0224,0.827,165.028,0,2.20865
2DUXgmZoGTjIGnQe52BZax,Cidade Alta,Curuca,252693,0,0.734,0.338,7,-11.23,1,0.746,0.23,0.0,0.0959,0.791,123.939,0,4.21155
4mWGzzTfYgU4ihQUzykkHn,Montagem 2000,Dennis Dj & Dj Joe,149573,0,0.962,0.636,3,-4.929,0,0.153,0.0141,0.0,0.0781,0.894,126.732,0,2.4928833333333333
2LfRlQRfLgPjIWiAgzg0T6,Rap Da Rocinha,MC Galo da Roça,290090,0,0.919,0.963,11,-3.953,0,0.069,0.0985,0.0,0.32,0.957,129.885,0,4.834833333333333
1OtZIaJBXo3Pe6nfaMsjKT,Na Ponta Ela Fica,Delano,154026,58,0.843,0.569,7,-10.713,1,0.278,0.288,8.83e-05,0.0643,0.947,95.075,0,2.5671
4sqwNMfjmLyHp2wID2pmPW,Empurradão,Shevchenko e Elloco,166191,44,0.884,0.71,0,-7.483,1,0.259,0.283,0.000108,0.158,0.89,84.988,0,2.76985
4u9uWoM7JbVHalHEdyJKpC,Open Your Eyes,Samuel,457120,0,0.756,0.789,5,-5.081,0,0.0465,0.00395,0.000575,0.231,0.768,122.481,0,7.618666666666667
4TQMiSKU7LfjYBFIaQG75O,Rap da Cidade Alta | Estrada da Posse - Ao Vivo,Mc Sapao,102080,32,0.769,0.956,11,-5.581,1,0.223,0.599,0.0,0.808,0.582,129.965,0,1.7013333333333334
2AyeQjYYdY1hIXuL3dIWmq,To Fazendo Amor Com a Favela Toda,Luciano do YTB,262765,0,0.466,0.98,11,-2.611,0,0.402,0.24,0.0,0.438,0.26,129.88,0,4.379416666666667
06u3GCOZCmCfgIkFubuJDW,Ritmo do Olodum,Mc Magrinho,166504,45,0.666,0.777,10,-7.347,0,0.294,0.31,0.0021,0.0604,0.488,130.105,0,2.7750666666666666
4oLMDK1fKGR9txzYXHpNKX,Apelidei Meu Pau de Roma,MC Pet da VS,180005,9,0.895,0.963,8,-1.079,1,0.294,0.0668,0.00369,0.0643,0.896,160.069,0,3.0000833333333334
2Bjwh0nOLozyPbSqkkQTMr,É Mais de 300 Reais,Mc Brinquedo,150492,16,0.913,0.837,8,-1.76,0,0.43,0.51,0.0,0.441,0.854,129.915,0,2.5082
1JvDx1F68MWeGk278Z7eEl,Toma Tapa Na Cara,Mc Pedrinho,160679,36,0.722,0.61,0,-0.027,1,0.378,0.724,0.0145,0.0913,0.336,129.709,0,2.677983333333333
40xrwCpf2RpE6sPe2Wsg4C,Megatron É Mídia,Mc Jota,197903,3,0.711,0.884,10,-0.442,0,0.393,0.497,1.47e-06,0.471,0.706,130.566,0,3.2983833333333332
1tlRWonMlSMQUOaG3deZ5o,Tô Ocupado,Mc Yago,167131,44,0.798,0.64,11,-3.558,0,0.18,0.693,0.0,0.0677,0.548,65.326,0,2.7855166666666666
1lYvenzpMclxzJAFy0PHaL,Que Se Foda a Minha Ex.,DJ Ferrugem,189910,0,0.695,0.62,7,0.58,1,0.139,0.00708,0.101,0.0769,0.459,88.496,0,3.1651666666666665
6NdAi0Y9hiFP8ok5mRFrVt,Eu sou sem sentimentos,DJ Meek,217680,20,0.804,0.813,11,-1.882,0,0.351,0.474,0.0,0.0583,0.775,150.048,0,3.628
6vznoMl5fj1iLZ35LUKnO7,Nóis Nunca Vai Se Apegar,MC Vitinho Avassalador,227538,9,0.586,0.545,10,-8.109,0,0.0591,0.0746,4.13e-05,0.116,0.399,130.155,0,3.7923
12WABm3VMNx4FRHrYbP6SY,Portando Só Lançamento,MC Vitinho Avassalador,166200,0,0.882,0.622,7,-2.506,1,0.0849,0.0416,6.03e-06,0.0799,0.559,130.01,0,2.77
1yubc9XEVMvp1Q7Bh234bT,Sarra Novinha no Grau,Dj Batata,115626,27,0.923,0.622,1,-1.76,1,0.18,0.0948,0.0,0.0472,0.97,129.965,0,1.9271
2IjcRlKhPsINh9G8MSl3RU,Bandido Não Namora,MC Vitinho Avassalador,243278,35,0.766,0.393,0,-12.279,1,0.514,0.364,1.88e-06,0.235,0.512,86.841,0,4.054633333333333
1F3L3PkkDLlwRBAs2szfgB,Goza na Cara,MC Gudan,124447,0,0.917,0.702,2,-4.069,1,0.247,0.393,0.0,0.102,0.863,130.113,0,2.074116666666667
3u39TfmyJwdEwIgiIlEBYX,Cenas Sensuais,Mc 7 Belo,221076,12,0.95,0.476,9,-4.569,1,0.204,0.129,1.07e-05,0.125,0.681,129.944,0,3.6846
2DKXdUXfNuReh1wJ5m2llk,Meta 2018,Mc Brisola,262870,6,0.857,0.721,5,-5.443,0,0.141,0.0685,0.0,0.0658,0.796,132.031,0,4.381166666666667
27BYTjP2D3kOvanFE7H879,Vai Pra Favela,Mc 7 Belo,208615,7,0.876,0.709,6,-0.588,1,0.0867,0.342,0.267,0.0699,0.514,133.813,0,3.476916666666667
7IqlQNCxzZ9BMqKDAoLTCh,Rave Funk,Louco de Refri,132727,3,0.933,0.757,1,-2.413,1,0.274,0.481,9.31e-06,0.0689,0.236,132.026,0,2.2121166666666667
4BdGnm6Z3WT7ujFRoh9Nmg,Faz Bate Bate,Mc Gw,211826,4,0.93,0.848,9,-2.596,1,0.175,0.558,0.00227,0.258,0.931,133.035,0,3.5304333333333333
6CBVT6Cz5OjMXrs4fFQGjw,Meiota dos Maloka,MC Digu,190902,4,0.95,0.45,6,-2.476,0,0.438,0.368,0.0,0.0723,0.703,130.021,0,3.1817
2tKlg8mugIJOWFj2TVRgUz,Falou de Putaria,Mc 7 Belo,188307,11,0.949,0.559,1,-4.176,0,0.196,0.265,0.00134,0.169,0.434,130.04,0,3.13845
6ir5N85SLP5XXBwi34OfTb,De Biquíni Mostra a Marquinha Tá de Parabéns,Mc 7 Belo,160548,4,0.927,0.72,10,-0.186,0,0.0793,0.188,0.00109,0.154,0.698,132.027,0,2.6758
075G01rZG9zgXMZVoyw62u,Baile do pus,MC Lan,168089,4,0.854,0.407,5,-4.232,1,0.0681,0.713,0.0,0.058,0.567,129.913,0,2.8014833333333335
5ymZAVJrO33yodwagtKiEX,Sacanagem Dentro da Hidromassagem,MC Arraia,136620,3,0.942,0.759,11,-2.878,0,0.0802,0.169,3.37e-05,0.0843,0.932,130.055,0,2.277
6BUDOScc6YkgELitccjRwM,Social da Putaria,Mc 7 Belo,258432,7,0.721,0.398,1,-8.651,1,0.128,0.346,1.64e-05,0.247,0.308,130.059,0,4.3072
3zNSgmIHSO4YeoJiloTsS4,Bumbumdamente,Matheus Yurley,187408,0,0.935,0.687,1,-3.029,1,0.202,0.551,2.26e-05,0.0872,0.502,131.997,0,3.123466666666667
3maAfassWipE1EWuAdHcvF,Chupa Meu Pinto,Mc Neguinho do ITR,257023,17,0.952,0.909,11,-1.924,1,0.44,0.715,0.0,0.302,0.531,130.059,0,4.283716666666667
5B4gvLU7eTxKVlPjaBAFaW,Pepeca Mal Criada,Mc Magrinho,239648,2,0.903,0.599,2,-8.278,1,0.16,0.107,0.0,0.289,0.905,130.053,0,3.9941333333333335
5M1dQupugn32TOgbm4XGI9,Chama No Pv,MC Kapela,214656,32,0.804,0.691,5,-4.186,0,0.0921,0.139,0.0,0.0793,0.672,130.03,0,3.5776
5hVnWsWgbZHaY5hkfguB1N,Academia de Rua,Mc Kitinho,151431,7,0.713,0.77,2,-0.777,1,0.375,0.186,0.0,0.146,0.746,81.351,0,2.52385
6qmTs3l4rwNeozS58VS9Vg,Fogo no Baseadão,DJ KR3,147914,8,0.946,0.611,8,-0.487,1,0.177,0.252,1.99e-05,0.117,0.653,130.048,0,2.4652333333333334
0UC30VeWq6CehvMWqgEGqC,"Desce Prende, Sobe Solta",Mc Jhojhow,188035,4,0.955,0.476,4,-2.472,0,0.0765,0.39,0.0,0.113,0.481,130.004,0,3.1339166666666665
0M1u7H8tXKhATCPCWxldIV,Das Gordinhas,Mc Neguinho do ITR,134545,0,0.906,0.464,5,-4.108,1,0.34,0.116,0.0,0.0927,0.78,131.88,0,2.2424166666666667
0UxzeqXuE5m8q3AXVlMqHs,Não Vou Dar Moral,Mc 7 Belo,288000,1,0.935,0.843,10,-3.079,0,0.42,0.205,0.042,0.101,0.484,130.07,0,4.8
4TzOHFlMfDyRkBHuXjSoct,Senta pro Chefinho,Mc Juninho Jr,173609,1,0.928,0.411,1,-7.136,1,0.421,0.34,0.00396,0.0684,0.173,130.07,0,2.893483333333333
0noN8ZaBFpRPlNiAMoQ2Dn,Toma Cacete Buceta,Mc Gw,131200,0,0.608,0.852,9,-2.988,1,0.403,0.137,0.0182,0.0874,0.795,186.521,0,2.1866666666666665
2I65vYI3g9KtpSkj9MXUoL,Se Concentra,Mc Jhey,190909,0,0.928,0.429,0,-2.71,1,0.175,0.255,0.0,0.0879,0.72,131.836,0,3.1818166666666667
1dHZSlCI8CpTiTqM55MnX7,Pula Muro,Mc Magrinho,233849,7,0.562,0.71,11,-5.149,1,0.358,0.485,0.0,0.304,0.761,86.646,0,3.897483333333333
0tvPdKFPhcDlLcwPfxxOn4,Maloqueiro Trajadão de Oakley,Mc Kitinho,197906,6,0.905,0.728,2,-2.687,0,0.444,0.416,0.0,0.0717,0.857,132.12,0,3.2984333333333336
7s3QOWAsyJz5z6sPUP5GE2,Feia Pra Caralho,Dynho Alves,220342,0,0.917,0.891,6,-3.524,0,0.208,0.518,0.0,0.754,0.384,129.98,0,3.6723666666666666
1KErpgadHXfuGZHGp4r9Zn,Pente e Rala,MC Novin,152790,1,0.952,0.442,2,-4.561,0,0.0715,0.0634,0.000106,0.0744,0.773,132.102,0,2.5465
5yTtUgopXuRJDrKVDD2dSD,Vai Me Dar de Cara,DJ KR3,219018,2,0.717,0.557,10,-1.871,0,0.257,0.351,0.0,0.0504,0.428,130.341,0,3.6503
5bjQNEMNvKLKPUrzhqmnXA,No Toba Vai Leite,MC Rick,136724,19,0.775,0.428,7,-5.525,1,0.062,0.586,8.41e-05,0.119,0.75,130.043,0,2.2787333333333333
6IGS4HNZYeAVLM4mqqG7Ga,Baile da Nitro Point,K-naman,222109,0,0.861,0.414,1,-6.885,1,0.452,0.608,0.0,0.0841,0.66,132.932,0,3.7018166666666668
49LPOJDQ3BGW2w53zly9cQ,Fluxo de Favela,DJ Teta,233586,0,0.874,0.634,1,-1.094,0,0.0629,0.178,0.0,0.137,0.608,129.953,0,3.8931
78XJ3bp2C68tJTyGQlxYoL,Claudete,MC Rick,203232,32,0.86,0.381,8,-6.101,1,0.232,0.441,0.0,0.113,0.313,130.129,0,3.3872
6dqhPzlLLmTZHrodDNPpDM,Cremoso,MC Rahell,149652,1,0.84,0.477,9,-7.705,0,0.102,0.684,0.0,0.12,0.431,130.284,0,2.4942
60jxdu9O1JaHoctRnI0jqF,Então Toma,Pet & Bobii,188499,0,0.972,0.945,3,-2.516,0,0.157,0.616,0.000511,0.0313,0.848,130.022,0,3.14165
6jr1o7Aka2cNbl1ORjrwkH,Estremecendo Tudo,Os Cretinos,192052,0,0.869,0.866,1,-1.973,1,0.238,0.019,0.0,0.109,0.594,130.025,0,3.2008666666666667
3Bsds2OdRNPAEfkdzNcY2C,Com Força e Machuca,MC Gomes,173374,0,0.889,0.473,2,-5.102,1,0.351,0.763,0.000575,0.113,0.783,132.972,0,2.8895666666666666
46YKSKcdhqU3gSyLMWCVyq,Bloco do Sarra Sarra,Mc Kitinho,149498,1,0.672,0.734,2,-0.824,1,0.395,0.708,0.00349,0.074,0.41,85.07,0,2.491633333333333
7HO1jh7kxgYLc9kXqFheFA,Ibiza da Favela,Dj Carlinhos Da S.R,142262,0,0.709,0.562,11,-5.408,0,0.407,0.211,8.53e-06,0.351,0.894,128.879,0,2.3710333333333335
31ATrUdqbrUns30aE7lqBW,Mexendo o Bundão,MC Menor da VG,154737,6,0.911,0.661,6,-2.21,1,0.0648,0.621,0.00106,0.0547,0.893,134.917,0,2.57895
3klY6K4VMUXP4DHzydTK4P,Devolve Minha Lata,Mc 7 Belo,151384,4,0.869,0.275,3,-14.114,1,0.909,0.784,0.0,0.122,0.645,130.031,0,2.523066666666667
4rV7K6fFe8YPLmLJjjJd8c,Bunda Batendo Palma,MC JK,161726,0,0.934,0.402,8,-8.39,1,0.361,0.0562,0.00464,0.0961,0.244,132.091,0,2.6954333333333333
1pV3SrCzsBx134VDW7VBaN,Perereca Toma Pica,MC Miami,184018,0,0.897,0.754,11,-3.892,1,0.151,0.684,1.66e-06,0.0804,0.838,133.148,0,3.0669666666666666
0IRGGOg9JaEmcLjQtqz2MW,Lapada Na Tabaca,Mc Brisola,177777,1,0.881,0.746,9,-2.737,1,0.141,0.457,0.000263,0.0782,0.816,89.988,0,2.96295
3pFkdU6UIey1KCRsoB2Oat,Senta no Pai Porra,MC Lil,140016,0,0.904,0.297,0,-11.771,1,0.259,0.534,0.0,0.11,0.534,129.956,0,2.3336
6ekvRJrcKDKgdu1qklwHrl,Eu Toco pra Você,MC Keron,112615,0,0.878,0.832,0,-5.235,1,0.29,0.426,1.76e-06,0.0592,0.839,130.229,0,1.8769166666666666
265eUt7uU71JqC1pgqHI1H,Sem Love Nunca,NGKS,193777,3,0.892,0.353,5,-6.402,1,0.179,0.0404,0.0,0.0997,0.531,89.879,0,3.229616666666667
6SYwucYxAq7PZzHVF75Vms,Arriba,MC Pack,151578,0,0.789,0.635,10,-7.254,0,0.0553,0.034,0.00971,0.665,0.751,95.047,0,2.5263
60ZYZGJ4IlcybBQRFZd052,Então Cai Com a Xereca,Mc Jhey,199681,0,0.918,0.33,6,-5.049,0,0.057,0.445,2.46e-05,0.0222,0.557,129.949,0,3.3280166666666666
7nEwXIxUgjgITwcG020LXx,Nave no Rasante,DJ 900,166588,3,0.628,0.771,6,-2.078,0,0.369,0.622,0.0,0.0871,0.873,84.134,0,2.776466666666667
56EbPW8IoRtBCRdv3UNhHy,Bundada,DJ Gege,145502,20,0.958,0.756,5,-3.198,0,0.0868,0.324,0.0244,0.0953,0.497,132.059,0,2.4250333333333334
47bdXiwNewayatyQUy2Dnc,Fluxo de Favela 2,Mc Topre,252048,8,0.932,0.751,6,-4.012,1,0.0778,0.168,5e-06,0.0707,0.75,131.041,0,4.2008
4QwlcseuWdGX7Q9QQiYOZN,Menor do Crime,MC Rafa 22,214153,1,0.649,0.663,7,-3.486,1,0.291,0.0242,0.0,0.0826,0.652,88.101,0,3.5692166666666667
4jq4nw3KNs2mwWd8Jbp1QF,Perito No Oficio,Mc Boy do Charmes,212742,1,0.852,0.647,7,-5.979,1,0.0647,0.501,0.0,0.184,0.661,131.97,0,3.5457
3ztitSiiFm6tdfEcb2lOJB,Baile Na City,DJ Leozinho MPC,259866,1,0.909,0.67,9,-1.22,0,0.415,0.737,0.000166,0.0616,0.786,133.08,0,4.3311
2Wq28tbxFW83wcmcQuYCDh,Te Taco no Colchão,Mc Luan,205766,0,0.908,0.889,10,-5.983,0,0.318,0.356,0.0,0.0697,0.612,140.189,0,3.4294333333333333
72lwNXFhIDrIC13s76L5GP,De Copão na Mão,MC LC,139467,0,0.946,0.722,7,-4.618,1,0.0636,0.677,0.0,0.0821,0.689,129.945,0,2.32445
53HjYGPbdfReGWf6jUafCJ,Tô Online Brasil,Mc Dimmy,160000,0,0.59,0.763,2,-2.558,1,0.415,0.142,0.0,0.0839,0.42,78.632,0,2.6666666666666665
7aRScy5rCuBu00kYulTETm,Foda-Se Você,Bonde R300,136615,0,0.717,0.354,9,-8.393,1,0.109,0.0752,0.0,0.122,0.218,86.881,0,2.2769166666666667
098Du5ZDjr40eK5QxSoqLD,"Ela Senta Ela Quica na Branca, Ela Senta Ela Quica na Preta",MC Timbu,136627,0,0.931,0.89,6,-4.604,1,0.246,0.517,0.0,0.141,0.886,129.948,0,2.2771166666666667
7da3zcCvIO5hbctKbahShg,Sarra,MC JK,154200,0,0.91,0.657,1,-2.912,0,0.339,0.207,0.000549,0.0391,0.347,129.855,0,2.57
1kumhYkNBpvUoewLEKm9CD,Me Chupa Me Ama,Rebecca,119025,4,0.893,0.986,1,-1.04,1,0.283,0.238,0.0,0.0729,0.76,150.204,0,1.98375
1m3spEr1r0vg7h0sP5wlcO,Bumbum Treme Treme,MC Eidrian,116402,0,0.918,0.274,11,-6.596,0,0.223,0.597,0.0,0.122,0.959,132.055,0,1.9400333333333333
2weMB7JTIlvRyxeoDpIbHt,Se Atraca no Grau Pepeca,Mc Gw,155384,1,0.712,0.773,1,1.285,1,0.423,0.285,0.0,0.074,0.283,129.933,0,2.589733333333333
3DGjcXT3ChnKo5o7CaY0LF,Bumbum Tarará,MC Gomes,190357,0,0.946,0.866,11,0.105,0,0.169,0.176,0.00332,0.704,0.833,133.021,0,3.172616666666667
2j1Pe9VmyIypKDBLYg6Ef7,Ela Ta Doida pra Sentar,Mc Magrinho,131160,10,0.952,0.926,0,-4.051,1,0.248,0.0787,1.79e-05,0.0763,0.755,130.062,0,2.186
554xvWhSCoIoXoMQUQJSTV,Olha Minha Vida,MC Ks,130840,0,0.816,0.588,5,-4.701,1,0.0893,0.16,0.0,0.093,0.708,131.673,0,2.1806666666666668
1aOrisUKRtxPjMX67uZgOc,Sentadão,DJ Gege,129985,31,0.857,0.77,9,-1.049,1,0.0588,0.0369,0.141,0.0883,0.773,133.06,0,2.1664166666666667
5zBGUUjQSRtEApqAlq3jp6,Ela Xonou no Meu Pau,MC Gudan,155141,0,0.641,0.803,4,-2.607,1,0.39,0.474,0.0,0.182,0.507,85.877,0,2.5856833333333333
4vGJs28fqSKpHPffVGhsTt,Eu Te Boto e Tu Geme,MC Rafa Original,188636,1,0.547,0.878,7,0.684,1,0.347,0.451,2.57e-06,0.29,0.951,168.216,0,3.1439333333333335
1j6UB3y94mHNKVI1YlIFRy,Loop,Os Cretinos,161000,10,0.975,0.599,6,-0.141,1,0.0712,0.546,1.41e-06,0.0614,0.809,132.005,0,2.683333333333333
3yHHj65a4cgu7QDOjlhgVn,O Pai Ta Forte,MC Gury,150752,7,0.901,0.941,1,-1.581,1,0.0763,0.116,0.00159,0.0608,0.471,129.953,0,2.5125333333333333
02mFV1Rz6F5xWAIkhbx14c,"Luz, Camera e Ação",Mc 2k,133003,0,0.895,0.945,7,0.174,1,0.188,0.344,1.48e-05,0.0745,0.943,80.037,0,2.2167166666666667
4HZSESESIblp9KnT6hRLFt,Tapa da Bunda Delas,MC Dog,137016,0,0.914,0.846,11,-2.918,1,0.17,0.315,0.887,0.476,0.963,130.103,0,2.2836
6bRa7zBhK1CVgdnu1mrvoO,Baile de Favela É Bom,Mc Kevin,143516,10,0.857,0.771,2,-3.099,1,0.0461,0.0704,0.0645,0.0405,0.711,130.015,0,2.3919333333333332
2r7eamfeHWXOU2Hlca4dPR,Toma Surra,MC Guina,261728,0,0.931,0.673,11,-9.034,0,0.195,0.187,0.0,0.0792,0.901,131.977,0,4.362133333333333
3awH8K6XIeoLQxozep6B5p,Amiga Piranha,MC W1,148480,0,0.935,0.816,1,-0.745,1,0.152,0.128,2.04e-06,0.0601,0.687,133.047,0,2.474666666666667
766Vr0plichFJii2SyWtvD,Dna do Ratinho,MC Bruno IP,184511,2,0.866,0.508,1,-0.96,1,0.165,0.614,0.0,0.275,0.773,133.113,0,3.0751833333333334
16yXXwTxQqD6qRLyiZ0sC4,Chapado,Mc Maha,172252,2,0.892,0.338,4,-8.43,0,0.0685,0.352,0.00862,0.0903,0.205,113.293,0,2.8708666666666667
0RpOoq0Sh8Szm2FnS2Qb0Z,Não Resisti,MC Gudan,127272,0,0.887,0.598,3,-5.14,1,0.062,0.577,0.0,0.0667,0.842,132.023,0,2.1212
173NKwNmDEf4x1BY2zvUUn,Mega do Megatron / Putaria no Bailão,MC Lil,169952,1,0.641,0.67,0,-3.619,0,0.586,0.748,0.000115,0.111,0.899,84.42,0,2.832533333333333
3cNxGRoKcgMUd2ueXU1Ro6,Palmeando as Malandra,Mc LF,177135,7,0.647,0.574,9,-4.152,1,0.499,0.48,2.07e-05,0.055,0.655,92.195,0,2.95225
0JaylPd6Di82xOPkXDH3vR,Por Cima e Vai,Mc Pedrinho,278640,3,0.707,0.598,1,-6.768,0,0.0777,0.0653,0.0,0.137,0.427,129.948,0,4.644
762LCCNNLfwKuN87deBnit,Tranquilão de Boldo,Mc Magrinho,137665,0,0.811,0.895,11,-1.555,1,0.283,0.433,0.0,0.416,0.891,130.074,0,2.2944166666666668
00YQpJ1rnXNEOm9ZmUjeqb,Jogando a Raba Na Cara,MC Vinny,152000,0,0.644,0.692,0,-4.674,1,0.291,0.355,1.04e-05,0.0743,0.736,94.274,0,2.533333333333333
4ffBlCIkiIbMSnxB11QU6W,Se Concentra Com Força,DJ Anderson França,160769,4,0.945,0.58,1,-4.194,1,0.455,0.697,0.00197,0.0556,0.731,139.904,0,2.679483333333333
1G1ZvUJgbujMglza7e3eHR,Meu Vício É Seu Bumbum,Mc Xande & Mc Beto,182125,0,0.87,0.668,0,-4.312,1,0.0644,0.346,0.000325,0.146,0.928,137.989,0,3.035416666666667
2VKPC4qi3B8Sj7fwhpEoe0,Contra Maré,Mc Yago,194928,1,0.861,0.576,7,-5.501,0,0.315,0.472,0.0,0.152,0.815,93.056,0,3.2488
6YnVgisuyypKt1jHU4PC66,Tu Tá Querendo Né?,Jaula das gostosudas,162481,1,0.888,0.667,4,-6.401,0,0.137,0.385,4.65e-06,0.103,0.95,149.987,0,2.7080166666666665
03M1c0jK0NgomFFCUZwj8x,Fuzil Banhado a Ouro,Mc Brisola,205583,0,0.921,0.902,7,-2.274,1,0.394,0.0181,0.0,0.678,0.482,130.054,0,3.4263833333333333
5AYr1inV5oC21nUUHn88lr,Se Joga na Levada,MC Kaioken,186976,2,0.799,0.954,5,-1.992,0,0.279,0.0673,3.55e-05,0.0736,0.906,171.986,0,3.1162666666666667
3W7eXoqUBnXf4Y7dg1qAdx,Lombrou,MC L da Vinte,138000,17,0.536,0.465,1,-10.492,1,0.0497,0.00734,0.00266,0.0237,0.528,86.213,0,2.3
6PETDQrybsuYLTg4PfJCx2,A Cara Da Surtação - O Balão Ta Subindo (DJ Ray Lais),MC GW E MC Brisola,105116,1,0.764,0.448,6,-7.725,1,0.0623,0.479,0.00653,0.0782,0.427,130.028,0,1.7519333333333333
1gn2mETGTFq8trZXG98VEt,Envolvido Simples e Objetivo,Mc Kitinho,172826,13,0.726,0.933,11,-3.557,0,0.35,0.244,0.0,0.718,0.235,130.026,0,2.8804333333333334
6GkP5sI4TPwElZYVwKQ300,São Paulo Te Ama,DJ FB,226153,0,0.934,0.773,6,-2.14,1,0.0587,0.5,0.00482,0.0407,0.761,129.99,0,3.769216666666667
2LiwMwEqXKLCYRftR87Y5r,Por Essa Nem o Futuro Esperava,Mc Talibã,171818,1,0.892,0.471,1,-6.968,1,0.467,0.678,0.0,0.16,0.863,132.187,0,2.8636333333333335
06ykIH6ro0TYYqgCwzeW8v,Sofrência Sentante,Mc Maha,118047,1,0.833,0.702,0,-5.25,1,0.243,0.284,0.0,0.161,0.96,159.991,0,1.96745
1ktqQmC3rha8yNhXm3JubF,Catucando nela,Mc Guidanny,122706,0,0.941,0.793,2,-2.321,1,0.0546,0.498,0.000207,0.157,0.963,133.008,0,2.0451
6GFIGqSYuvIdMA0mgVEpvy,Di Quebradinha Na Quebrada,Mc Talibã,169822,1,0.651,0.43,11,-11.58,0,0.262,0.219,0.0,0.0875,0.772,88.034,0,2.8303666666666665
26x08nJnjuLmhclCg0HpSK,Kika com a perereca,MC Lil,229384,0,0.945,0.664,7,-4.047,1,0.238,0.0996,3.31e-06,0.0596,0.378,130.04,0,3.8230666666666666
7y3glKCYM5BR3CgKzUbF82,Solteirão,DJ Tubarão,168907,0,0.823,0.869,4,-2.519,0,0.0753,0.565,0.0,0.142,0.573,150.015,0,2.8151166666666665
3lO9TEyYHNvJHLGH5xYYaI,Dopadaminamente (Participação especial MC Menininho),MC Rahell,203676,0,0.879,0.572,0,-0.736,0,0.094,0.459,3.56e-06,0.0574,0.46,131.982,0,3.3946
27rHTfjcWK0VMZX1oiHSr0,Sequestro Pro Beco,MC Hollywood,175448,0,0.951,0.648,9,-5.1,1,0.153,0.433,1.75e-05,0.0641,0.836,130.023,0,2.9241333333333333
2vd0GPKogcn1nlitfNNHHF,Chama No Desapego,MC Amaral,217392,11,0.815,0.82,4,-4.047,0,0.34,0.5,0.0,0.107,0.721,86.739,0,3.6232
6CjBpxLA5yMWB4avGljdGr,Toma Botada,MC Hollywood,151439,0,0.97,0.767,7,-0.437,1,0.191,0.336,0.000435,0.0535,0.754,129.962,0,2.5239833333333332
0KHNzIAJXowl3g6wqY1Iy1,Hoje Você Tá Demais,MC Menor da VG,218827,3,0.68,0.795,2,-0.97,0,0.0894,0.476,0.0,0.211,0.711,129.919,0,3.647116666666667
3WYmijmEQzfBHicKAXXKkp,Sentabilidade 2.0,Mc Jhojhow,174172,0,0.659,0.623,5,-2.212,1,0.168,0.236,0.000125,0.27,0.411,130.127,0,2.9028666666666667
73rruQcZVVvZnYDZviMYZ9,Senta Gostoso,MC Stifler,237270,0,0.65,0.532,7,-3.234,0,0.076,0.329,5.52e-06,0.106,0.0839,129.955,0,3.9545
4BnkHvejbtE3Ix3A2VTpCt,Vai descendo devagar,MC Rahell,166153,0,0.849,0.633,6,-3.321,0,0.0777,0.367,1.11e-05,0.0401,0.81,86.66,0,2.769216666666667
7oG6uiSlZDfhtTAOWlEPQW,Toma Amor,Mc R1,158512,0,0.881,0.665,11,-4.847,0,0.0835,0.0114,1.03e-06,0.0803,0.76,113.158,0,2.6418666666666666
68em1sN6TpLHrz7kXG6kB5,"Uma Chamando No Zap, Outra No Face",Mc Talibã,145812,0,0.855,0.716,0,-1.476,1,0.289,0.00939,0.0118,0.061,0.784,88.532,0,2.4302
55KKOAkM7GuQ1ybAazwWhK,Atleta Preferido,Mc Boy do Charmes,191999,0,0.895,0.882,2,-2.477,1,0.0565,0.187,5.39e-05,0.0882,0.882,132.018,0,3.1999833333333334
4FpPq6gTkNOrseOEEmD7q4,Na onda do Mandela,MC Lil,177642,0,0.879,0.56,10,-4.452,0,0.0788,0.028,0.00129,0.541,0.106,133.017,0,2.9607
0xk3KLSycZRJNaI7rwxbyG,Se Envolve Com o Bonde,MC Menor da VG,138057,0,0.9,0.838,1,-2.077,0,0.0489,0.0596,1.78e-06,0.0555,0.881,130.175,0,2.30095
4mxnL1ywhxT05kn5tGK2TJ,Sexo Na Rua,Mc Kaio,107363,18,0.453,0.56,9,-4.395,0,0.0521,0.429,1.27e-06,0.0764,0.313,84.201,0,1.7893833333333333
0qHJf0iEv8ldYfJtOXo7XJ,Mil Noites,Mc IG,158850,31,0.755,0.651,2,-4.287,1,0.288,0.153,0.0,0.111,0.47,132.353,0,2.6475
0gEr5JG6XUN8HKJHvxFDGT,Tá Evoluída,Mc Brisola,181133,0,0.624,0.711,2,-2.756,1,0.532,0.18,0.0,0.146,0.761,175.168,0,3.018883333333333
0DVzk3ByvWRih4YEGqnroL,Bunda nos Malocas,Mc Jhey,164397,0,0.937,0.476,9,-2.781,1,0.0429,0.336,0.0,0.0955,0.555,129.92,0,2.73995
2iUCYfQt5hSzuAt5hgSXgK,Helicóptero,Mc Brisola,192731,8,0.878,0.354,5,-6.91,1,0.322,0.754,0.00537,0.129,0.125,131.937,0,3.2121833333333334
4nUgxg6Qz1GAZIh83T2qJw,Cenas Sensuais,Mc Gw,180375,2,0.906,0.611,5,-2.297,0,0.3,0.0124,0.133,0.0328,0.858,135.075,0,3.00625
4et7axHd4CfaLv1Fc2kHKA,Fluxo da Favela,Mc Topre,217155,0,0.922,0.814,6,-3.039,1,0.0464,0.0755,0.0,0.0957,0.77,130.982,0,3.61925
3PX8g2JhxdTLbwnM0ruM93,Ta Duro Dorme,Mc Brisola,137616,0,0.75,0.718,1,-0.741,0,0.115,0.209,0.0621,0.0635,0.512,81.231,0,2.2936
3N8nXIH2Pe3NhPFN6qxojk,Toma Sarradão,Mc 7 Belo,226320,1,0.92,0.855,1,-3.506,1,0.295,0.292,0.00524,0.676,0.416,130.008,0,3.772
0JqfxHoQljxXEu7Hu7xQq5,Vou Te Fazer Só uma Pergunta,Mr Bim,179487,2,0.936,0.536,1,-4.298,1,0.383,0.341,0.000149,0.449,0.414,130.042,0,2.99145
3XzOzJiVXlmsaCsxMTEgaR,Ia Ia O,Mc 2k,152853,11,0.875,0.942,11,-4.888,0,0.38,0.238,0.0,0.0771,0.712,130.156,0,2.54755
50yUvsuECyUqd3TyurTjee,Fica Tranquila Vai Senta Na Vara,MC Menor da VG,229146,1,0.901,0.524,1,-0.318,1,0.125,0.689,0.0,0.0871,0.788,132.126,0,3.8191
4H3i9lgICE9Mo7V1ybBcii,Para de ficar fazendo fofoca ft. DJ LUCK MUZIK,MC Denny,227353,2,0.796,0.668,8,-2.322,1,0.394,0.196,0.0,0.195,0.743,88.482,0,3.7892166666666665
7J8eFgmyUQcfJItHkHMDRj,Polpinha,Mc Leléto,145893,3,0.933,0.46,9,-4.751,1,0.172,0.00903,0.296,0.0975,0.739,130.106,0,2.43155
28q41qN6tBVoI90ZAkADAc,"Agressiva Com a Bunda, Odalisticando",Mc Gw,233304,1,0.548,0.607,9,-6.04,1,0.354,0.234,0.00734,0.0607,0.845,94.966,0,3.8884
23q0zRbdma7klEpRA0uGcB,Sextou,MC Kalzin,221805,3,0.853,0.542,11,-7.051,0,0.631,0.417,0.0,0.1,0.305,86.713,0,3.69675
4Gc7fnsJO5BXzV10upk9Ij,Casal Rolê,MC Novinho da Praça,270888,1,0.716,0.51,1,-3.855,1,0.249,0.372,0.0,0.0949,0.654,131.973,0,4.5148
1b7IETz0cJCXYm2ETt6Hnw,Recaidinha Gostosa,Mc Th,123400,15,0.881,0.531,11,-8.787,1,0.353,0.871,0.415,0.0964,0.926,150.072,0,2.0566666666666666
2pa3ENMqpDgMpumDvEke3V,Putinha Dos Maloka,Mc 7 Belo,185538,2,0.935,0.438,1,-2.929,1,0.0532,0.127,0.0,0.0539,0.912,131.104,0,3.0923
3jhfQEcfH5UlFI9nEKGiLP,Tu Quer Quem,Mc Neguinho do ITR,156604,0,0.923,0.77,9,-2.327,1,0.225,0.499,0.0,0.135,0.828,133.098,0,2.6100666666666665
4Pd8HV6ITC0mqLdV13VrrA,Peru de Presente,Mc Jhey,215772,0,0.688,0.541,0,-10.39,1,0.171,0.0585,0.202,0.116,0.798,132.978,0,3.5962
53koP0CdLkZvJz8cB4Gauw,"Popotão no Chão, Popopota Lá em Cima",Mc Neguinho do ITR,210815,0,0.832,0.616,3,-6.926,0,0.0522,0.42,0.000102,0.153,0.84,86.645,0,3.5135833333333335
4GsDYfUSCMuWKpkW5ymb6M,Fuga Na Mãe,Mc 7 Belo,203206,1,0.688,0.812,1,-1.949,1,0.436,0.482,0.000343,0.69,0.168,84.774,0,3.3867666666666665
4ql9Qyi6JFEG6ceBCDETjO,"Oh Queiroz, Joga o Bucetão Pra Nós",MC Maneirinho,164675,1,0.778,0.741,7,-7.897,1,0.411,0.799,0.0,0.736,0.3,80.031,0,2.7445833333333334
0bQ2nNanPpoow0FX2g8B5G,Foi Na Favela,Itamar Mc,180451,1,0.868,0.579,9,-3.388,1,0.201,0.683,0.0,0.073,0.574,132.694,0,3.0075166666666666
1DdKqMoZEFyUQrQVdYt7gr,Santa Tarada,Mc Niel,146541,0,0.69,0.814,7,-2.831,1,0.204,0.23,0.0,0.374,0.587,86.59,0,2.44235
51qnlSjv0arIuEqemW7fld,Taca Delicadamente,Mc 7 Belo,215510,2,0.956,0.832,7,-3.772,1,0.118,0.0788,1.45e-05,0.677,0.829,129.994,0,3.591833333333333
5NvTcLESaTR2riGKFxdrhE,Um Tal de Toma Toma,Mc Nando Dk,126061,0,0.841,0.579,6,-6.598,1,0.137,0.135,8.62e-05,0.0796,0.918,90.014,0,2.1010166666666668
2ZzUyrApIrznRVZpk21oHi,Vai Jogando o Bundão,Mc Ronan,126406,0,0.876,0.742,0,-3.283,0,0.417,0.427,0.0,0.147,0.77,150.075,0,2.1067666666666667
4l9Nn3mh8pMvEuMf3g6edC,Beat da Perereca,Mc Neguinho do ITR,147600,0,0.935,0.694,2,-10.169,1,0.402,0.101,2.37e-06,0.163,0.7,135.123,0,2.46
6oyfpRrsXZNfYiQr4hHWZZ,Chorando Embaixo,Mc Th,134010,10,0.812,0.295,8,-15.303,1,0.591,0.0222,0.0,0.108,0.713,75.154,0,2.2335
0VBP1HOjPslqjcXYjgGBpN,Tô Doido,MC Gudan,105116,0,0.715,0.67,1,-5.128,0,0.5,0.3,0.0,0.0585,0.558,82.567,0,1.7519333333333333
40Xsk3rkGbi6fQK3XTdfgL,Reflexão do Dia,Mc Neguinho do ITR,149375,0,0.864,0.223,0,-14.106,1,0.909,0.448,7.84e-05,0.107,0.738,90.13,0,2.4895833333333335
2ZTTyZanTGKF9WAuAHAZE3,Vai Puta Vai Puta Desce Com a Porra da Bunda,Mc 7 Belo,200596,1,0.929,0.717,2,-0.859,1,0.35,0.436,0.000323,0.0716,0.656,133.877,0,3.3432666666666666
1MUUb2PdvH59jq6SWBK1XY,Mudança de Plano,Mc Talibã,279588,1,0.932,0.534,1,-5.866,1,0.331,0.223,4.54e-06,0.161,0.582,132.122,0,4.6598
6Tj562c37MBqCjsMt1MHsO,Balança a Raba,MC Maneirinho,167132,0,0.812,0.833,2,-2.151,1,0.279,0.0749,4.68e-05,0.169,0.917,129.833,0,2.7855333333333334
4vqdumEXDfrYZJCcli09iG,Funk do Rei Leão,Quik Ironico,133433,8,0.638,0.551,10,-3.628,1,0.214,0.608,0.0,0.132,0.532,84.389,0,2.223883333333333
0sUE33Q1cedoXVBTixYY1Q,Baile da Gaiola,Mc Nego Blue,149768,9,0.889,0.967,11,-0.697,1,0.0474,0.533,0.119,0.0379,0.966,150.03,0,2.4961333333333333
2B9XERFAdD3mrZrw4RdIhf,Na Onda,MC Vitinho Avassalador,160001,7,0.683,0.741,5,-6.638,0,0.056,0.343,0.0,0.201,0.668,150.123,0,2.6666833333333333
1p009QtjmH178W2LWXgFHg,Localiza Bebê,Mc Brisola,171676,6,0.701,0.341,9,-9.34,1,0.42,0.0377,0.0,0.122,0.532,86.885,0,2.861266666666667
5ynZAHPWPfmYMJ9lyK19qA,Socadao,Mc Dudu,184615,1,0.967,0.465,1,-2.643,1,0.234,0.0899,2.74e-05,0.0992,0.621,130.115,0,3.0769166666666665
1nt1EWK3yM5Pb8cIpMTY6S,Não Dá,MC Vitinho Avassalador,170624,16,0.82,0.77,5,-3.112,0,0.0363,0.195,0.0,0.0551,0.74,132.855,0,2.8437333333333332
55Jg0AMdKrNYX7PWMn3WEc,É Sarradão,MC Dennin,136000,16,0.699,0.577,9,-11.07,1,0.896,0.841,8.41e-05,0.176,0.612,129.938,0,2.2666666666666666
7pactGio7kVlAvzpw91t07,Baile da D Z 7,MC Kekel,147826,3,0.663,0.539,6,-4.472,1,0.374,0.0907,0.000522,0.236,0.508,93.907,0,2.463766666666667
1BPbd6kehazFCDs9GlStF4,3 Minutos de Putaria,Mc 7 Belo,201430,12,0.88,0.562,6,-2.196,1,0.151,0.303,0.0,0.1,0.477,86.657,0,3.3571666666666666
2qPVqJYIzbxmnoFcTEQMbT,Baile da Gaiola É o Mundo,DJ Nandinho da Penha,195636,0,0.801,0.988,1,-1.839,1,0.113,0.0786,0.0,0.104,0.842,149.925,0,3.2606
0qU7AT2heB4KniZ0uPL4gU,Então Joga Pros Maloka,Mc Lucca Martins,131137,2,0.784,0.619,4,-2.833,0,0.0777,0.607,3.33e-06,0.0873,0.239,130.099,0,2.1856166666666668
72Y5qajqsIwQ7TAkrnB2L4,Faz o Sinal,Mc Kitinho,179999,1,0.915,0.619,3,-6.5,1,0.364,0.778,0.0151,0.089,0.929,132.081,0,2.9999833333333332
6RvnalS57Ps77B5OdQZ3Pa,Menor Revoltado,MC Gury,125596,6,0.88,0.465,11,-5.678,1,0.0455,0.158,1.23e-05,0.185,0.672,130.06,0,2.0932666666666666
7krGLkfpJfweCEVSTqoMg6,Cabeluda,MC PR,180000,0,0.937,0.762,1,-4.173,1,0.161,0.381,0.000157,0.0957,0.875,133.017,0,3.0
3zXNikJrDocjMRkjgXfCZt,Faixa de Gaza o Inicio,Dj Cabide,169875,0,0.905,0.619,5,-4.31,1,0.0581,0.0997,0.0,0.0596,0.635,129.958,0,2.83125
460ZziluRfuYqP37bYu7ED,Comprei uma Meiota,Mc Mãozinha,146834,6,0.654,0.6,9,-3.837,1,0.0921,0.0407,2.47e-05,0.0794,0.332,93.1,0,2.447233333333333
7nqMllDSjphwG3Mc6n1Nm8,Clima Frio,MC W1,168045,0,0.895,0.715,2,0.957,1,0.105,0.337,0.000141,0.0496,0.625,88.711,0,2.80075
4cH7M0Rc74sNRFIk8hzgIi,Medley de Favela,MC Hollywood,256625,0,0.937,0.337,1,-6.232,1,0.492,0.431,7.99e-06,0.0741,0.544,130.03,0,4.277083333333334
23fEngrHwbt4PgvwhxwlRD,Final de Ano,Mc 7 Belo,161538,0,0.851,0.599,8,-1.385,1,0.227,0.698,0.0,0.0412,0.949,86.59,0,2.6923
1igAniqb10NCsvpDhozYZF,Professor da Sacanagem,MC Peruzzo,174956,0,0.75,0.537,5,-9.586,0,0.303,0.19,0.0,0.0745,0.814,86.653,0,2.9159333333333333
2BLl7j4yiPmNJ8XikOZ0FZ,Bunda Desce,MC Gudan,165836,0,0.807,0.939,7,-1.075,1,0.123,0.0422,0.00163,0.0219,0.968,160.097,0,2.763933333333333
4DvGSzK6FI8ulDiQnG6VIQ,As Amiguinhas da Karen,MC Fabinho da Osk,168986,0,0.945,0.598,1,-1.644,0,0.222,0.0348,0.000213,0.0809,0.927,130.084,0,2.8164333333333333
4L0rIGhzkKxGAfYZYkJIod,Respirando Fundo,Mc Huguinho,136333,3,0.928,0.612,8,-6.163,0,0.231,0.459,0.0,0.0849,0.805,133.133,0,2.2722166666666666
5u1NLIs5ZIevKhvwGT17Ft,Bailar,MC CLSP,162197,0,0.721,0.741,7,-3.158,1,0.221,0.0329,1.83e-06,0.0313,0.821,182.185,0,2.7032833333333333
2gFY2RX0iRlQyZDNGGXlYw,Monumento Atraente,Os Cretinos,149002,0,0.906,0.808,0,-7.868,1,0.189,0.252,0.000243,0.0504,0.684,90.021,0,2.4833666666666665
6bWri1IWu2iF6SrHyVSq9q,Favela É Paz,Mc Leo da Baixada,239229,1,0.832,0.507,8,-10.082,1,0.105,0.399,0.0,0.0875,0.598,130.084,0,3.98715
40wxKbSBmptK0grVVL4dGg,Bum Bum Perigoso,Mc Dudu,180506,0,0.929,0.449,0,-2.087,1,0.0893,0.202,0.000216,0.0778,0.524,133.027,0,3.0084333333333335
1ZrPtRqQOMoiDW7L64l01U,Baile das Casinha,Helamã MC,181080,0,0.813,0.632,8,-3.093,1,0.107,0.348,0.0,0.344,0.488,86.616,0,3.018
6ntxbUk1jjvIkgmH1IgI89,Na Percussão,MC Rafa 22,110968,0,0.832,0.652,6,-0.943,1,0.0529,0.257,0.0336,0.0462,0.925,132.054,0,1.8494666666666666
36kblhTXVeFCcxVXVr1qoV,Desce na Sinceridade,Os Cretinos,189000,0,0.836,0.745,9,-3.855,1,0.13,0.136,0.0,0.0476,0.841,159.967,0,3.15
1HJXV20N8pkhHLshl2CeWw,"Final de Baile, Só Mandelão",Mc 7 Belo,153469,0,0.814,0.298,6,-4.838,0,0.146,0.91,0.00042,0.0929,0.809,86.644,0,2.5578166666666666
3YwmXO3i62kmer53vu4oSe,Ela Tira o Pau da Tcheca 2,MC Theuzyn,139053,2,0.548,0.935,9,-3.772,1,0.392,0.146,0.00109,0.295,0.65,174.068,0,2.31755
5W6tG1D1CabOmHNh3W9Zno,Mina sacana,MC Rahell,205762,0,0.945,0.602,11,-6.242,0,0.122,0.0234,0.0,0.128,0.589,127.01,0,3.4293666666666667
3O7sKBDhREzcjaCwuDk2HN,Balançando o Bundão,MC Tullin,156922,0,0.954,0.333,5,-8.786,1,0.535,0.602,0.013,0.0988,0.715,129.96,0,2.6153666666666666
0vI7p3aXWLfUU8FZvlPa9b,Bum Bum Balança,Mc Hazel,131004,0,0.887,0.495,8,-9.188,1,0.115,0.329,0.0167,0.0701,0.684,130.009,0,2.1834
6P8OZ3lHcTOD8UrSfqosqi,Descontrole Total,Mc IG,240822,9,0.513,0.798,4,-5.008,1,0.221,0.858,0.011,0.885,0.322,128.971,0,4.0137
1jzmMT65PbMB6OqJRxNv49,Raba,Mc Kitinho,163461,1,0.755,0.788,6,-1.549,0,0.251,0.11,0.0,0.0876,0.77,129.851,0,2.72435
6uc9tdNLAiC5qkncL6FxsP,Desbloqueia a Tela - Dennis Dj Remix,Mc Denny,141692,30,0.723,0.764,5,-2.563,0,0.174,0.246,0.0,0.0507,0.683,129.758,0,2.3615333333333335
40kuPiAdawHncUxaBv3H2w,Desce na Sinceridade,Os Cretinos,189010,0,0.849,0.752,11,-3.746,0,0.18,0.0853,0.0,0.0811,0.842,159.996,0,3.150166666666667
0ZMbHs9Z7ggXmardJEYYjl,"É Melhor Andar Sozinha, Do Que Mal Acompanhada (AMIZADE FALSA)",MC Denny,224000,3,0.949,0.745,6,-2.97,1,0.0554,0.0801,2.56e-06,0.0596,0.927,130.065,0,3.7333333333333334
7u8VZUsSwJDx0Z6e9EhDUS,Mina Loka,MC Jhony,136460,0,0.841,0.624,9,-5.258,1,0.0607,0.0533,0.0,0.121,0.638,131.988,0,2.2743333333333333
2aBgID6L17yaDtJ57zEMMx,Toma Karen Toma,MC Fabinho da Osk,233824,8,0.952,0.95,4,-1.464,0,0.246,0.623,0.0023,0.144,0.432,130.059,0,3.8970666666666665
3CpVxyFCZZ0mEYqAAyJx6q,Mãe de Traficante,Mc Huguinho,237740,4,0.858,0.565,0,-4.985,1,0.115,0.413,0.0,0.0966,0.69,129.98,0,3.9623333333333335
2QKYsuDCtjbzoBdaan7Ybd,Taca a xereca piranha,MC Gomes,173671,0,0.911,0.583,6,-4.517,0,0.169,0.139,0.000266,0.17,0.593,131.008,0,2.8945166666666666
4sDFmfir0mmHFeVgbg2WgR,Viagem,MC Neguinho do Kaxeta,138181,23,0.86,0.441,4,-8.664,1,0.071,0.393,0.0,0.0647,0.566,132.188,0,2.3030166666666667
3Z0kqYFQYF7KLli5gAMkf3,Toma Toma Toma,MC Cainho,189857,2,0.718,0.539,1,-3.643,1,0.276,0.6,0.000828,0.156,0.619,130.088,0,3.164283333333333
4he5PH2421GeKAJ5a4Ftqu,Mamãe Quero Ir pra Gaiola,MC Maneirinho,123600,23,0.494,0.703,2,-6.214,1,0.418,0.00664,0.0,0.118,0.851,183.801,0,2.06
4e3a43mcJVUYHFNuSaweKB,É Foda,Mc Alysson,144928,1,0.783,0.563,3,-4.819,1,0.302,0.379,0.0,0.321,0.709,86.683,0,2.4154666666666667
